date,resolution_ms,source,target,lag_ms,n_impulses,response_return,response_signed_notional,p_return,p_flow,q_return,q_flow,significant
2024-03-05,50,BTCUSDT,BTCUSDT,10,694,1.922260490657725e-05,10604.053251296851,0.01,0.01,0.01,0.01,True
2024-03-05,50,BTCUSDT,BTCUSDT,25,694,1.922260490657725e-05,10604.053251296851,0.01,0.01,0.01,0.01,True
2024-03-05,50,BTCUSDT,BTCUSDT,50,694,1.922260490657725e-05,10604.053251296851,0.01,0.01,0.01,0.01,True
2024-03-05,50,BTCUSDT,BTCUSDT,100,694,2.932976070068157e-05,17005.1580429395,0.01,0.01,0.01,0.01,True
2024-03-05,50,BTCUSDT,BTCUSDT,250,694,4.02889135839268e-05,21526.4517544669,0.01,0.01,0.01,0.01,True
2024-03-05,50,BTCUSDT,BTCUSDT,500,694,4.712622964466491e-05,23647.484604466874,0.01,0.01,0.01,0.01,True
2024-03-05,50,BTCUSDT,BTCUSDT,1000,694,5.274584802968944e-05,41932.911901008665,0.01,0.01,0.01,0.01,True
2024-03-05,50,BTCUSDT,BTCUSDT,2000,694,5.554658709540925e-05,93788.46848299708,0.01,0.01,0.01,0.01,True
2024-03-05,50,BTCUSDT,BTCUSDT,5000,694,6.356086989554269e-05,156816.52465302614,0.01,0.01,0.01,0.01,True
2024-03-05,50,BTCUSDT,ETHUSDT,10,694,1.1585426505998462e-05,3228.484190922194,0.01,0.01,0.01,0.01,True
2024-03-05,50,BTCUSDT,ETHUSDT,25,694,1.1585426505998462e-05,3228.484190922194,0.01,0.01,0.01,0.01,True
2024-03-05,50,BTCUSDT,ETHUSDT,50,694,1.1585426505998462e-05,3228.484190922194,0.01,0.01,0.01,0.01,True
2024-03-05,50,BTCUSDT,ETHUSDT,100,694,1.6757720131034505e-05,3700.410105043236,0.01,0.01,0.01,0.01,True
2024-03-05,50,BTCUSDT,ETHUSDT,250,694,2.8642194374932048e-05,5352.310791786752,0.01,0.01,0.01,0.01,True
2024-03-05,50,BTCUSDT,ETHUSDT,500,694,3.719568929886722e-05,5839.6065449567795,0.01,0.01,0.01,0.01,True
2024-03-05,50,BTCUSDT,ETHUSDT,1000,694,4.81687990420492e-05,7895.0959155619685,0.01,0.01,0.01,0.01,True
2024-03-05,50,BTCUSDT,ETHUSDT,2000,694,4.853640179044409e-05,2283.8827711815734,0.01,0.01,0.01,0.01,True
2024-03-05,50,BTCUSDT,ETHUSDT,5000,694,6.06255390874761e-05,7634.67576930839,0.01,0.01,0.01,0.01,True
2024-03-05,50,BTCUSDT,SOLUSDT,10,694,1.1759550336264147e-05,1318.4775829971181,0.01,0.01,0.01,0.01,True
2024-03-05,50,BTCUSDT,SOLUSDT,25,694,1.1759550336264147e-05,1318.4775829971181,0.01,0.01,0.01,0.01,True
2024-03-05,50,BTCUSDT,SOLUSDT,50,694,1.1759550336264147e-05,1318.4775829971181,0.01,0.01,0.01,0.01,True
2024-03-05,50,BTCUSDT,SOLUSDT,100,694,1.9551556071799534e-05,1599.6674825648415,0.01,0.01,0.01,0.01,True
2024-03-05,50,BTCUSDT,SOLUSDT,250,694,3.18958433924537e-05,1772.277684293948,0.01,0.01,0.01,0.01,True
2024-03-05,50,BTCUSDT,SOLUSDT,500,694,4.336657016927428e-05,2440.3009700288144,0.01,0.01,0.01,0.01,True
2024-03-05,50,BTCUSDT,SOLUSDT,1000,694,5.5641105888320815e-05,2533.058895677229,0.01,0.01,0.01,0.01,True
2024-03-05,50,BTCUSDT,SOLUSDT,2000,694,5.483695934320909e-05,2746.9306706051866,0.01,0.01,0.01,0.01,True
2024-03-05,50,BTCUSDT,SOLUSDT,5000,694,5.6158532646655766e-05,-4439.614355907792,0.01,0.01,0.01,0.01,True
2024-03-05,50,ETHUSDT,BTCUSDT,10,579,1.323229939391164e-05,8888.885389637257,0.01,0.01,0.01,0.01,True
2024-03-05,50,ETHUSDT,BTCUSDT,25,579,1.323229939391164e-05,8888.885389637257,0.01,0.01,0.01,0.01,True
2024-03-05,50,ETHUSDT,BTCUSDT,50,579,1.323229939391164e-05,8888.885389637257,0.01,0.01,0.01,0.01,True
2024-03-05,50,ETHUSDT,BTCUSDT,100,579,2.0565227239966167e-05,11984.693499136376,0.01,0.01,0.01,0.01,True
2024-03-05,50,ETHUSDT,BTCUSDT,250,579,3.30107502875471e-05,13100.17820656296,0.01,0.01,0.01,0.01,True
2024-03-05,50,ETHUSDT,BTCUSDT,500,579,3.790407777384267e-05,17570.062367530154,0.01,0.01,0.01,0.01,True
2024-03-05,50,ETHUSDT,BTCUSDT,1000,579,4.6906854295538154e-05,36938.356366148386,0.01,0.01,0.01,0.01,True
2024-03-05,50,ETHUSDT,BTCUSDT,2000,579,5.109397126617998e-05,93450.05243609655,0.01,0.01,0.01,0.01,True
2024-03-05,50,ETHUSDT,BTCUSDT,5000,579,3.676403074602644e-05,110081.97448929184,0.01,0.01,0.01,0.01,True
2024-03-05,50,ETHUSDT,ETHUSDT,10,579,1.9515713653809125e-05,4569.709468911918,0.01,0.01,0.01,0.01,True
2024-03-05,50,ETHUSDT,ETHUSDT,25,579,1.9515713653809125e-05,4569.709468911918,0.01,0.01,0.01,0.01,True
2024-03-05,50,ETHUSDT,ETHUSDT,50,579,1.9515713653809125e-05,4569.709468911918,0.01,0.01,0.01,0.01,True
2024-03-05,50,ETHUSDT,ETHUSDT,100,579,2.9124250970185837e-05,4064.09273661486,0.01,0.01,0.01,0.01,True
2024-03-05,50,ETHUSDT,ETHUSDT,250,579,3.8460161015123124e-05,3748.626693955099,0.01,0.01,0.01,0.01,True
2024-03-05,50,ETHUSDT,ETHUSDT,500,579,4.8026190917338644e-05,3890.019756476686,0.01,0.01,0.01,0.01,True
2024-03-05,50,ETHUSDT,ETHUSDT,1000,579,5.8429960238605886e-05,2577.355700863563,0.01,0.01,0.01,0.01,True
2024-03-05,50,ETHUSDT,ETHUSDT,2000,579,6.670647219745562e-05,6199.777830224535,0.01,0.01,0.01,0.01,True
2024-03-05,50,ETHUSDT,ETHUSDT,5000,579,5.8703381510329754e-05,23640.624922107094,0.01,0.01,0.01,0.01,True
2024-03-05,50,ETHUSDT,SOLUSDT,10,579,1.1376417250268205e-05,1562.0657303972393,0.01,0.01,0.01,0.01,True
2024-03-05,50,ETHUSDT,SOLUSDT,25,579,1.1376417250268205e-05,1562.0657303972393,0.01,0.01,0.01,0.01,True
2024-03-05,50,ETHUSDT,SOLUSDT,50,579,1.1376417250268205e-05,1562.0657303972393,0.01,0.01,0.01,0.01,True
2024-03-05,50,ETHUSDT,SOLUSDT,100,579,1.7998871545913997e-05,1783.9303715025949,0.01,0.01,0.01,0.01,True
2024-03-05,50,ETHUSDT,SOLUSDT,250,579,3.116356778925396e-05,2065.7381566494,0.01,0.01,0.01,0.01,True
2024-03-05,50,ETHUSDT,SOLUSDT,500,579,4.333134608511138e-05,3358.717093264257,0.01,0.01,0.01,0.01,True
2024-03-05,50,ETHUSDT,SOLUSDT,1000,579,5.26152091634104e-05,2863.9747141623543,0.01,0.01,0.01,0.01,True
2024-03-05,50,ETHUSDT,SOLUSDT,2000,579,6.574810748267456e-05,5027.829360794478,0.01,0.01,0.01,0.01,True
2024-03-05,50,ETHUSDT,SOLUSDT,5000,579,1.5661294706014967e-05,-157.34807219342807,0.01,0.01,0.01,0.01,True
2024-03-05,50,SOLUSDT,BTCUSDT,10,449,6.601562311146709e-06,16707.10954521161,0.01,0.01,0.01,0.01,True
2024-03-05,50,SOLUSDT,BTCUSDT,25,449,6.601562311146709e-06,16707.10954521161,0.01,0.01,0.01,0.01,True
2024-03-05,50,SOLUSDT,BTCUSDT,50,449,6.601562311146709e-06,16707.10954521161,0.01,0.01,0.01,0.01,True
2024-03-05,50,SOLUSDT,BTCUSDT,100,449,9.326769960995281e-06,19959.646451002256,0.01,0.01,0.01,0.01,True
2024-03-05,50,SOLUSDT,BTCUSDT,250,449,1.873489268640471e-05,28121.097382850756,0.01,0.01,0.01,0.01,True
2024-03-05,50,SOLUSDT,BTCUSDT,500,449,2.4978988908964293e-05,23516.56020489974,0.01,0.01,0.01,0.01,True
2024-03-05,50,SOLUSDT,BTCUSDT,1000,449,3.6207129679750534e-05,27449.248859688145,0.01,0.01,0.01,0.01,True
2024-03-05,50,SOLUSDT,BTCUSDT,2000,449,3.951817294792085e-05,62780.28401536743,0.01,0.01,0.01,0.01,True
2024-03-05,50,SOLUSDT,BTCUSDT,5000,449,5.296467627402768e-05,119848.54164276147,0.01,0.01,0.01,0.01,True
2024-03-05,50,SOLUSDT,ETHUSDT,10,449,5.315422447605277e-06,300.428915590203,0.01,0.01,0.01,0.01,True
2024-03-05,50,SOLUSDT,ETHUSDT,25,449,5.315422447605277e-06,300.428915590203,0.01,0.01,0.01,0.01,True
2024-03-05,50,SOLUSDT,ETHUSDT,50,449,5.315422447605277e-06,300.428915590203,0.01,0.01,0.01,0.01,True
2024-03-05,50,SOLUSDT,ETHUSDT,100,449,9.654535279699303e-06,-591.9248726057895,0.01,0.01,0.01,0.01,True
2024-03-05,50,SOLUSDT,ETHUSDT,250,449,1.681414407451981e-05,185.51503496659237,0.01,0.01,0.01,0.01,True
2024-03-05,50,SOLUSDT,ETHUSDT,500,449,2.4296119135452055e-05,-367.2141895322969,0.01,0.01,0.01,0.01,True
2024-03-05,50,SOLUSDT,ETHUSDT,1000,449,2.999261993246514e-05,-1776.2030514476667,0.01,0.01,0.01,0.01,True
2024-03-05,50,SOLUSDT,ETHUSDT,2000,449,3.564419006992304e-05,-2126.611315812906,0.01,0.01,0.01,0.01,True
2024-03-05,50,SOLUSDT,ETHUSDT,5000,449,5.1041586147448695e-05,-2464.3640739420857,0.01,0.01,0.01,0.01,True
2024-03-05,50,SOLUSDT,SOLUSDT,10,449,2.3576239557186668e-05,2105.609691091314,0.01,0.01,0.01,0.01,True
2024-03-05,50,SOLUSDT,SOLUSDT,25,449,2.3576239557186668e-05,2105.609691091314,0.01,0.01,0.01,0.01,True
2024-03-05,50,SOLUSDT,SOLUSDT,50,449,2.3576239557186668e-05,2105.609691091314,0.01,0.01,0.01,0.01,True
2024-03-05,50,SOLUSDT,SOLUSDT,100,449,3.445791611650855e-05,6113.388640311804,0.01,0.01,0.01,0.01,True
2024-03-05,50,SOLUSDT,SOLUSDT,250,449,4.3740715481713824e-05,7017.4097906458765,0.01,0.01,0.01,0.01,True
2024-03-05,50,SOLUSDT,SOLUSDT,500,449,5.255420090918672e-05,7287.767850111347,0.01,0.01,0.01,0.01,True
2024-03-05,50,SOLUSDT,SOLUSDT,1000,449,6.521232258472357e-05,7165.799260801773,0.01,0.01,0.01,0.01,True
2024-03-05,50,SOLUSDT,SOLUSDT,2000,449,7.533179826125338e-05,10645.733055233843,0.01,0.01,0.01,0.01,True
2024-03-05,50,SOLUSDT,SOLUSDT,5000,449,7.924206377141344e-05,13607.321075723801,0.01,0.01,0.01,0.01,True
2024-03-05,100,BTCUSDT,BTCUSDT,10,551,2.266945029492261e-05,16477.371311070787,0.01,0.01,0.01,0.01,True
2024-03-05,100,BTCUSDT,BTCUSDT,25,551,2.266945029492261e-05,16477.371311070787,0.01,0.01,0.01,0.01,True
2024-03-05,100,BTCUSDT,BTCUSDT,50,551,2.266945029492261e-05,16477.371311070787,0.01,0.01,0.01,0.01,True
2024-03-05,100,BTCUSDT,BTCUSDT,100,551,2.266945029492261e-05,16477.371311070787,0.01,0.01,0.01,0.01,True
2024-03-05,100,BTCUSDT,BTCUSDT,250,551,3.2833065335549846e-05,22068.540490562627,0.01,0.01,0.01,0.01,True
2024-03-05,100,BTCUSDT,BTCUSDT,500,551,3.756181809303013e-05,23660.937861705992,0.01,0.01,0.01,0.01,True
2024-03-05,100,BTCUSDT,BTCUSDT,1000,551,4.1525350191326444e-05,44353.01503266791,0.01,0.01,0.01,0.01,True
2024-03-05,100,BTCUSDT,BTCUSDT,2000,551,4.599012995776595e-05,97636.25571869324,0.01,0.01,0.01,0.01,True
2024-03-05,100,BTCUSDT,BTCUSDT,5000,551,4.724651689788513e-05,160193.8572754993,0.01,0.01,0.01,0.01,True
2024-03-05,100,BTCUSDT,ETHUSDT,10,551,1.648625812454278e-05,4896.4110923775015,0.01,0.01,0.01,0.01,True
2024-03-05,100,BTCUSDT,ETHUSDT,25,551,1.648625812454278e-05,4896.4110923775015,0.01,0.01,0.01,0.01,True
2024-03-05,100,BTCUSDT,ETHUSDT,50,551,1.648625812454278e-05,4896.4110923775015,0.01,0.01,0.01,0.01,True
2024-03-05,100,BTCUSDT,ETHUSDT,100,551,1.648625812454278e-05,4896.4110923775015,0.01,0.01,0.01,0.01,True
2024-03-05,100,BTCUSDT,ETHUSDT,250,551,2.976061551855493e-05,5172.006805444652,0.01,0.01,0.01,0.01,True
2024-03-05,100,BTCUSDT,ETHUSDT,500,551,3.844010999841846e-05,5226.04506424683,0.01,0.01,0.01,0.01,True
2024-03-05,100,BTCUSDT,ETHUSDT,1000,551,5.0162986774176176e-05,6911.0157150635205,0.01,0.01,0.01,0.01,True
2024-03-05,100,BTCUSDT,ETHUSDT,2000,551,5.138244699064111e-05,-106.76086424681242,0.01,0.01,0.01,0.01,True
2024-03-05,100,BTCUSDT,ETHUSDT,5000,551,6.015953634610812e-05,4519.887078584425,0.01,0.01,0.01,0.01,True
2024-03-05,100,BTCUSDT,SOLUSDT,10,551,1.7412709684647378e-05,1519.097405444647,0.01,0.01,0.01,0.01,True
2024-03-05,100,BTCUSDT,SOLUSDT,25,551,1.7412709684647378e-05,1519.097405444647,0.01,0.01,0.01,0.01,True
2024-03-05,100,BTCUSDT,SOLUSDT,50,551,1.7412709684647378e-05,1519.097405444647,0.01,0.01,0.01,0.01,True
2024-03-05,100,BTCUSDT,SOLUSDT,100,551,1.7412709684647378e-05,1519.097405444647,0.01,0.01,0.01,0.01,True
2024-03-05,100,BTCUSDT,SOLUSDT,250,551,3.759712709621581e-05,3188.241046642471,0.01,0.01,0.01,0.01,True
2024-03-05,100,BTCUSDT,SOLUSDT,500,551,4.279838231139747e-05,2786.7251916515434,0.01,0.01,0.01,0.01,True
2024-03-05,100,BTCUSDT,SOLUSDT,1000,551,5.773594110812799e-05,3755.0377876588004,0.01,0.01,0.01,0.01,True
2024-03-05,100,BTCUSDT,SOLUSDT,2000,551,5.5088387496520526e-05,2983.4427989110754,0.01,0.01,0.01,0.01,True
2024-03-05,100,BTCUSDT,SOLUSDT,5000,551,4.984515326109827e-05,-5274.870751905629,0.01,0.01,0.01,0.01,True
2024-03-05,100,ETHUSDT,BTCUSDT,10,452,1.744840575927922e-05,11097.863855530955,0.01,0.01,0.01,0.01,True
2024-03-05,100,ETHUSDT,BTCUSDT,25,452,1.744840575927922e-05,11097.863855530955,0.01,0.01,0.01,0.01,True
2024-03-05,100,ETHUSDT,BTCUSDT,50,452,1.744840575927922e-05,11097.863855530955,0.01,0.01,0.01,0.01,True
2024-03-05,100,ETHUSDT,BTCUSDT,100,452,1.744840575927922e-05,11097.863855530955,0.01,0.01,0.01,0.01,True
2024-03-05,100,ETHUSDT,BTCUSDT,250,452,3.216080116153127e-05,23119.962801769863,0.01,0.01,0.01,0.01,True
2024-03-05,100,ETHUSDT,BTCUSDT,500,452,3.396259652268667e-05,26048.01582477877,0.01,0.01,0.01,0.01,True
2024-03-05,100,ETHUSDT,BTCUSDT,1000,452,4.10146286910579e-05,33283.359207300855,0.01,0.01,0.01,0.01,True
2024-03-05,100,ETHUSDT,BTCUSDT,2000,452,4.856093523498174e-05,118533.77749247791,0.01,0.01,0.01,0.01,True
2024-03-05,100,ETHUSDT,BTCUSDT,5000,452,2.9130861646248574e-05,131056.43780000007,0.01,0.01,0.01,0.01,True
2024-03-05,100,ETHUSDT,ETHUSDT,10,452,2.221083485903234e-05,2624.733444690269,0.01,0.01,0.01,0.01,True
2024-03-05,100,ETHUSDT,ETHUSDT,25,452,2.221083485903234e-05,2624.733444690269,0.01,0.01,0.01,0.01,True
2024-03-05,100,ETHUSDT,ETHUSDT,50,452,2.221083485903234e-05,2624.733444690269,0.01,0.01,0.01,0.01,True
2024-03-05,100,ETHUSDT,ETHUSDT,100,452,2.221083485903234e-05,2624.733444690269,0.01,0.01,0.01,0.01,True
2024-03-05,100,ETHUSDT,ETHUSDT,250,452,2.9932294851707913e-05,2020.7692214601807,0.01,0.01,0.01,0.01,True
2024-03-05,100,ETHUSDT,ETHUSDT,500,452,3.7538219112007976e-05,1342.6316876106243,0.01,0.01,0.01,0.01,True
2024-03-05,100,ETHUSDT,ETHUSDT,1000,452,4.3975108123990025e-05,-3133.6065659292085,0.01,0.01,0.01,0.01,True
2024-03-05,100,ETHUSDT,ETHUSDT,2000,452,5.5306131024349975e-05,4914.1310902655,0.01,0.01,0.01,0.01,True
2024-03-05,100,ETHUSDT,ETHUSDT,5000,452,4.484212298822354e-05,23311.72434778762,0.01,0.01,0.01,0.01,True
2024-03-05,100,ETHUSDT,SOLUSDT,10,452,1.3166196089564498e-05,348.49319778761077,0.01,0.01,0.01,0.01,True
2024-03-05,100,ETHUSDT,SOLUSDT,25,452,1.3166196089564498e-05,348.49319778761077,0.01,0.01,0.01,0.01,True
2024-03-05,100,ETHUSDT,SOLUSDT,50,452,1.3166196089564498e-05,348.49319778761077,0.01,0.01,0.01,0.01,True
2024-03-05,100,ETHUSDT,SOLUSDT,100,452,1.3166196089564498e-05,348.49319778761077,0.01,0.01,0.01,0.01,True
2024-03-05,100,ETHUSDT,SOLUSDT,250,452,2.9551578163481526e-05,1173.2665139380545,0.01,0.01,0.01,0.01,True
2024-03-05,100,ETHUSDT,SOLUSDT,500,452,4.100313602585295e-05,2459.3131305309757,0.01,0.01,0.01,0.01,True
2024-03-05,100,ETHUSDT,SOLUSDT,1000,452,5.116018762784045e-05,1895.2902714601787,0.01,0.01,0.01,0.01,True
2024-03-05,100,ETHUSDT,SOLUSDT,2000,452,6.340379156001637e-05,3521.6152340708045,0.01,0.01,0.01,0.01,True
2024-03-05,100,ETHUSDT,SOLUSDT,5000,452,1.4232212138893925e-05,-2415.422251106167,0.01,0.01,0.01,0.01,True
2024-03-05,100,SOLUSDT,BTCUSDT,10,321,5.545773134437068e-06,6678.373399999998,0.01,0.01,0.01,0.01,True
2024-03-05,100,SOLUSDT,BTCUSDT,25,321,5.545773134437068e-06,6678.373399999998,0.01,0.01,0.01,0.01,True
2024-03-05,100,SOLUSDT,BTCUSDT,50,321,5.545773134437068e-06,6678.373399999998,0.01,0.01,0.01,0.01,True
2024-03-05,100,SOLUSDT,BTCUSDT,100,321,5.545773134437068e-06,6678.373399999998,0.01,0.01,0.01,0.01,True
2024-03-05,100,SOLUSDT,BTCUSDT,250,321,1.7150313400853426e-05,10663.117514018593,0.01,0.01,0.01,0.01,True
2024-03-05,100,SOLUSDT,BTCUSDT,500,321,2.3682945638038226e-05,11757.750641744413,0.01,0.01,0.01,0.01,True
2024-03-05,100,SOLUSDT,BTCUSDT,1000,321,3.709281140724123e-05,7772.60159345783,0.01,0.01,0.01,0.01,True
2024-03-05,100,SOLUSDT,BTCUSDT,2000,321,4.389723594554546e-05,49684.60087850448,0.01,0.01,0.01,0.01,True
2024-03-05,100,SOLUSDT,BTCUSDT,5000,321,6.216101042412833e-05,108595.10293333235,0.01,0.01,0.01,0.01,True
2024-03-05,100,SOLUSDT,ETHUSDT,10,321,1.0144521055125065e-05,-495.40925545172007,0.01,0.01,0.01,0.01,True
2024-03-05,100,SOLUSDT,ETHUSDT,25,321,1.0144521055125065e-05,-495.40925545172007,0.01,0.01,0.01,0.01,True
2024-03-05,100,SOLUSDT,ETHUSDT,50,321,1.0144521055125065e-05,-495.40925545172007,0.01,0.01,0.01,0.01,True
2024-03-05,100,SOLUSDT,ETHUSDT,100,321,1.0144521055125065e-05,-495.40925545172007,0.01,0.01,0.01,0.01,True
2024-03-05,100,SOLUSDT,ETHUSDT,250,321,1.9955585379931985e-05,-573.852338629288,0.01,0.01,0.01,0.01,True
2024-03-05,100,SOLUSDT,ETHUSDT,500,321,2.6358519092819734e-05,473.12673239875016,0.01,0.01,0.01,0.01,True
2024-03-05,100,SOLUSDT,ETHUSDT,1000,321,3.499922538025227e-05,-1819.0281196261678,0.01,0.01,0.01,0.01,True
2024-03-05,100,SOLUSDT,ETHUSDT,2000,321,4.279448222473335e-05,-146.06221838004748,0.01,0.01,0.01,0.01,True
2024-03-05,100,SOLUSDT,ETHUSDT,5000,321,6.953095760593664e-05,4231.83978971965,0.01,0.01,0.01,0.01,True
2024-03-05,100,SOLUSDT,SOLUSDT,10,321,2.7229074739901035e-05,7535.857557632399,0.01,0.01,0.01,0.01,True
2024-03-05,100,SOLUSDT,SOLUSDT,25,321,2.7229074739901035e-05,7535.857557632399,0.01,0.01,0.01,0.01,True
2024-03-05,100,SOLUSDT,SOLUSDT,50,321,2.7229074739901035e-05,7535.857557632399,0.01,0.01,0.01,0.01,True
2024-03-05,100,SOLUSDT,SOLUSDT,100,321,2.7229074739901035e-05,7535.857557632399,0.01,0.01,0.01,0.01,True
2024-03-05,100,SOLUSDT,SOLUSDT,250,321,3.567834761314133e-05,8657.462419314636,0.01,0.01,0.01,0.01,True
2024-03-05,100,SOLUSDT,SOLUSDT,500,321,4.297950658731564e-05,8944.643542056068,0.01,0.01,0.01,0.01,True
2024-03-05,100,SOLUSDT,SOLUSDT,1000,321,5.534468674293606e-05,9483.31988629283,0.01,0.01,0.01,0.01,True
2024-03-05,100,SOLUSDT,SOLUSDT,2000,321,7.792989343686546e-05,14925.97522056075,0.01,0.01,0.01,0.01,True
2024-03-05,100,SOLUSDT,SOLUSDT,5000,321,7.828009685710002e-05,19438.71702523364,0.01,0.01,0.01,0.01,True
2024-03-05,250,BTCUSDT,BTCUSDT,10,343,2.099188864334615e-05,19597.174936443116,0.01,0.01,0.01,0.01,True
2024-03-05,250,BTCUSDT,BTCUSDT,25,343,2.099188864334615e-05,19597.174936443116,0.01,0.01,0.01,0.01,True
2024-03-05,250,BTCUSDT,BTCUSDT,50,343,2.099188864334615e-05,19597.174936443116,0.01,0.01,0.01,0.01,True
2024-03-05,250,BTCUSDT,BTCUSDT,100,343,2.099188864334615e-05,19597.174936443116,0.01,0.01,0.01,0.01,True
2024-03-05,250,BTCUSDT,BTCUSDT,250,343,2.099188864334615e-05,19597.174936443116,0.01,0.01,0.01,0.01,True
2024-03-05,250,BTCUSDT,BTCUSDT,500,343,2.5735628503616342e-05,19390.711667055308,0.01,0.01,0.01,0.01,True
2024-03-05,250,BTCUSDT,BTCUSDT,1000,343,2.576150242363614e-05,61642.88502215733,0.01,0.01,0.01,0.01,True
2024-03-05,250,BTCUSDT,BTCUSDT,2000,343,3.0102018482813215e-05,98770.30365889185,0.01,0.01,0.01,0.01,True
2024-03-05,250,BTCUSDT,BTCUSDT,5000,343,1.5356202998962532e-05,167091.87656822163,0.01,0.01,0.01,0.01,True
2024-03-05,250,BTCUSDT,ETHUSDT,10,343,2.341091304921579e-05,4817.764201166185,0.01,0.01,0.01,0.01,True
2024-03-05,250,BTCUSDT,ETHUSDT,25,343,2.341091304921579e-05,4817.764201166185,0.01,0.01,0.01,0.01,True
2024-03-05,250,BTCUSDT,ETHUSDT,50,343,2.341091304921579e-05,4817.764201166185,0.01,0.01,0.01,0.01,True
2024-03-05,250,BTCUSDT,ETHUSDT,100,343,2.341091304921579e-05,4817.764201166185,0.01,0.01,0.01,0.01,True
2024-03-05,250,BTCUSDT,ETHUSDT,250,343,2.341091304921579e-05,4817.764201166185,0.01,0.01,0.01,0.01,True
2024-03-05,250,BTCUSDT,ETHUSDT,500,343,2.9441936340274336e-05,3552.6669641399453,0.01,0.01,0.01,0.01,True
2024-03-05,250,BTCUSDT,ETHUSDT,1000,343,4.120168780146004e-05,9523.67979825073,0.01,0.01,0.01,0.01,True
2024-03-05,250,BTCUSDT,ETHUSDT,2000,343,4.521218395207775e-05,8306.89893615162,0.01,0.01,0.01,0.01,True
2024-03-05,250,BTCUSDT,ETHUSDT,5000,343,4.083785757303906e-05,10779.359943731813,0.01,0.01,0.01,0.01,True
2024-03-05,250,BTCUSDT,SOLUSDT,10,343,2.6382548661453214e-05,1959.0963067055318,0.01,0.01,0.01,0.01,True
2024-03-05,250,BTCUSDT,SOLUSDT,25,343,2.6382548661453214e-05,1959.0963067055318,0.01,0.01,0.01,0.01,True
2024-03-05,250,BTCUSDT,SOLUSDT,50,343,2.6382548661453214e-05,1959.0963067055318,0.01,0.01,0.01,0.01,True
2024-03-05,250,BTCUSDT,SOLUSDT,100,343,2.6382548661453214e-05,1959.0963067055318,0.01,0.01,0.01,0.01,True
2024-03-05,250,BTCUSDT,SOLUSDT,250,343,2.6382548661453214e-05,1959.0963067055318,0.01,0.01,0.01,0.01,True
2024-03-05,250,BTCUSDT,SOLUSDT,500,343,3.8888975106379794e-05,2526.594330612239,0.01,0.01,0.01,0.01,True
2024-03-05,250,BTCUSDT,SOLUSDT,1000,343,4.235590793378767e-05,1415.335156268209,0.01,0.01,0.01,0.01,True
2024-03-05,250,BTCUSDT,SOLUSDT,2000,343,5.4968920264588606e-05,2445.524155102034,0.01,0.01,0.01,0.01,True
2024-03-05,250,BTCUSDT,SOLUSDT,5000,343,1.7884285783346695e-05,-11937.084932944617,0.01,0.01,0.01,0.01,True
2024-03-05,250,ETHUSDT,BTCUSDT,10,338,2.5237857572491104e-05,17441.749118934866,0.01,0.01,0.01,0.01,True
2024-03-05,250,ETHUSDT,BTCUSDT,25,338,2.5237857572491104e-05,17441.749118934866,0.01,0.01,0.01,0.01,True
2024-03-05,250,ETHUSDT,BTCUSDT,50,338,2.5237857572491104e-05,17441.749118934866,0.01,0.01,0.01,0.01,True
2024-03-05,250,ETHUSDT,BTCUSDT,100,338,2.5237857572491104e-05,17441.749118934866,0.01,0.01,0.01,0.01,True
2024-03-05,250,ETHUSDT,BTCUSDT,250,338,2.5237857572491104e-05,17441.749118934866,0.01,0.01,0.01,0.01,True
2024-03-05,250,ETHUSDT,BTCUSDT,500,338,2.378899080778125e-05,32273.955126627134,0.01,0.01,0.01,0.01,True
2024-03-05,250,ETHUSDT,BTCUSDT,1000,338,3.515225961170836e-05,46008.95060088746,0.01,0.01,0.01,0.01,True
2024-03-05,250,ETHUSDT,BTCUSDT,2000,338,3.577383223150228e-05,97731.27098609452,0.01,0.01,0.01,0.01,True
2024-03-05,250,ETHUSDT,BTCUSDT,5000,338,1.9255814398631118e-05,97604.67972662683,0.01,0.01,0.01,0.01,True
2024-03-05,250,ETHUSDT,ETHUSDT,10,338,1.6486969093533534e-05,179.6413482248562,0.01,0.01,0.01,0.01,True
2024-03-05,250,ETHUSDT,ETHUSDT,25,338,1.6486969093533534e-05,179.6413482248562,0.01,0.01,0.01,0.01,True
2024-03-05,250,ETHUSDT,ETHUSDT,50,338,1.6486969093533534e-05,179.6413482248562,0.01,0.01,0.01,0.01,True
2024-03-05,250,ETHUSDT,ETHUSDT,100,338,1.6486969093533534e-05,179.6413482248562,0.01,0.01,0.01,0.01,True
2024-03-05,250,ETHUSDT,ETHUSDT,250,338,1.6486969093533534e-05,179.6413482248562,0.01,0.01,0.01,0.01,True
2024-03-05,250,ETHUSDT,ETHUSDT,500,338,2.082703304670612e-05,-1465.0477005917207,0.01,0.01,0.01,0.01,True
2024-03-05,250,ETHUSDT,ETHUSDT,1000,338,2.640998998635268e-05,-3571.2308186390687,0.01,0.01,0.01,0.01,True
2024-03-05,250,ETHUSDT,ETHUSDT,2000,338,3.122516114399126e-05,-863.2019884615486,0.01,0.01,0.01,0.01,True
2024-03-05,250,ETHUSDT,ETHUSDT,5000,338,1.4375583933449656e-05,14028.935546745552,0.01,0.01,0.01,0.01,True
2024-03-05,250,ETHUSDT,SOLUSDT,10,338,2.59713327990162e-05,1475.369343786983,0.01,0.01,0.01,0.01,True
2024-03-05,250,ETHUSDT,SOLUSDT,25,338,2.59713327990162e-05,1475.369343786983,0.01,0.01,0.01,0.01,True
2024-03-05,250,ETHUSDT,SOLUSDT,50,338,2.59713327990162e-05,1475.369343786983,0.01,0.01,0.01,0.01,True
2024-03-05,250,ETHUSDT,SOLUSDT,100,338,2.59713327990162e-05,1475.369343786983,0.01,0.01,0.01,0.01,True
2024-03-05,250,ETHUSDT,SOLUSDT,250,338,2.59713327990162e-05,1475.369343786983,0.01,0.01,0.01,0.01,True
2024-03-05,250,ETHUSDT,SOLUSDT,500,338,3.7931030380562554e-05,3056.6711073964525,0.01,0.01,0.01,0.01,True
2024-03-05,250,ETHUSDT,SOLUSDT,1000,338,4.774840624820403e-05,2592.8689434911253,0.01,0.01,0.01,0.01,True
2024-03-05,250,ETHUSDT,SOLUSDT,2000,338,4.354577367191634e-05,3777.591996745566,0.01,0.01,0.01,0.01,True
2024-03-05,250,ETHUSDT,SOLUSDT,5000,338,-8.003407822769654e-06,-761.987165088756,0.01,0.01,0.01,0.01,True
2024-03-05,250,SOLUSDT,BTCUSDT,10,221,8.982523766061958e-06,4070.6385122171932,0.01,0.01,0.01,0.01,True
2024-03-05,250,SOLUSDT,BTCUSDT,25,221,8.982523766061958e-06,4070.6385122171932,0.01,0.01,0.01,0.01,True
2024-03-05,250,SOLUSDT,BTCUSDT,50,221,8.982523766061958e-06,4070.6385122171932,0.01,0.01,0.01,0.01,True
2024-03-05,250,SOLUSDT,BTCUSDT,100,221,8.982523766061958e-06,4070.6385122171932,0.01,0.01,0.01,0.01,True
2024-03-05,250,SOLUSDT,BTCUSDT,250,221,8.982523766061958e-06,4070.6385122171932,0.01,0.01,0.01,0.01,True
2024-03-05,250,SOLUSDT,BTCUSDT,500,221,1.594166220268807e-05,-12785.884516289661,0.01,0.01,0.01,0.01,True
2024-03-05,250,SOLUSDT,BTCUSDT,1000,221,3.2297998244791135e-05,11756.270416289577,0.01,0.01,0.01,0.01,True
2024-03-05,250,SOLUSDT,BTCUSDT,2000,221,3.0764224048916036e-05,20475.494563348442,0.01,0.01,0.01,0.01,True
2024-03-05,250,SOLUSDT,BTCUSDT,5000,221,3.517592933686152e-05,58720.13191855156,0.01,0.01,0.01,0.01,True
2024-03-05,250,SOLUSDT,ETHUSDT,10,221,1.726071940512907e-05,459.5970592760157,0.01,0.01,0.01,0.01,True
2024-03-05,250,SOLUSDT,ETHUSDT,25,221,1.726071940512907e-05,459.5970592760157,0.01,0.01,0.01,0.01,True
2024-03-05,250,SOLUSDT,ETHUSDT,50,221,1.726071940512907e-05,459.5970592760157,0.01,0.01,0.01,0.01,True
2024-03-05,250,SOLUSDT,ETHUSDT,100,221,1.726071940512907e-05,459.5970592760157,0.01,0.01,0.01,0.01,True
2024-03-05,250,SOLUSDT,ETHUSDT,250,221,1.726071940512907e-05,459.5970592760157,0.01,0.01,0.01,0.01,True
2024-03-05,250,SOLUSDT,ETHUSDT,500,221,2.627349548350037e-05,-1737.9564438914126,0.01,0.01,0.01,0.01,True
2024-03-05,250,SOLUSDT,ETHUSDT,1000,221,3.7007692965933916e-05,6072.23920361989,0.01,0.01,0.01,0.01,True
2024-03-05,250,SOLUSDT,ETHUSDT,2000,221,3.484885748063033e-05,-397.6389674208447,0.01,0.01,0.01,0.01,True
2024-03-05,250,SOLUSDT,ETHUSDT,5000,221,5.5904246273852025e-05,585.7578873302939,0.01,0.01,0.01,0.01,True
2024-03-05,250,SOLUSDT,SOLUSDT,10,221,2.686404093736561e-05,11398.200523076914,0.01,0.01,0.01,0.01,True
2024-03-05,250,SOLUSDT,SOLUSDT,25,221,2.686404093736561e-05,11398.200523076914,0.01,0.01,0.01,0.01,True
2024-03-05,250,SOLUSDT,SOLUSDT,50,221,2.686404093736561e-05,11398.200523076914,0.01,0.01,0.01,0.01,True
2024-03-05,250,SOLUSDT,SOLUSDT,100,221,2.686404093736561e-05,11398.200523076914,0.01,0.01,0.01,0.01,True
2024-03-05,250,SOLUSDT,SOLUSDT,250,221,2.686404093736561e-05,11398.200523076914,0.01,0.01,0.01,0.01,True
2024-03-05,250,SOLUSDT,SOLUSDT,500,221,3.80932154095597e-05,11733.999104977363,0.01,0.01,0.01,0.01,True
2024-03-05,250,SOLUSDT,SOLUSDT,1000,221,4.878122373892583e-05,11036.465344343884,0.01,0.01,0.01,0.01,True
2024-03-05,250,SOLUSDT,SOLUSDT,2000,221,7.089167765481237e-05,20176.469838914032,0.01,0.01,0.01,0.01,True
2024-03-05,250,SOLUSDT,SOLUSDT,5000,221,3.8231652370961356e-05,20395.05385429864,0.01,0.01,0.01,0.01,True
2024-03-05,500,BTCUSDT,BTCUSDT,10,258,9.670821923416876e-06,19113.991376744212,0.01,0.01,0.01,0.01,True
2024-03-05,500,BTCUSDT,BTCUSDT,25,258,9.670821923416876e-06,19113.991376744212,0.01,0.01,0.01,0.01,True
2024-03-05,500,BTCUSDT,BTCUSDT,50,258,9.670821923416876e-06,19113.991376744212,0.01,0.01,0.01,0.01,True
2024-03-05,500,BTCUSDT,BTCUSDT,100,258,9.670821923416876e-06,19113.991376744212,0.01,0.01,0.01,0.01,True
2024-03-05,500,BTCUSDT,BTCUSDT,250,258,9.670821923416876e-06,19113.991376744212,0.01,0.01,0.01,0.01,True
2024-03-05,500,BTCUSDT,BTCUSDT,500,258,9.670821923416876e-06,19113.991376744212,0.01,0.01,0.01,0.01,True
2024-03-05,500,BTCUSDT,BTCUSDT,1000,258,1.0987022917207093e-05,56489.97302170539,0.01,0.01,0.01,0.01,True
2024-03-05,500,BTCUSDT,BTCUSDT,2000,258,7.382132831432122e-06,79952.66181705426,0.01,0.01,0.01,0.01,True
2024-03-05,500,BTCUSDT,BTCUSDT,5000,258,-4.282867072244047e-06,138153.30956240333,0.01,0.01,0.01,0.01,True
2024-03-05,500,BTCUSDT,ETHUSDT,10,258,2.665897225513238e-05,3637.5834151162726,0.01,0.01,0.01,0.01,True
2024-03-05,500,BTCUSDT,ETHUSDT,25,258,2.665897225513238e-05,3637.5834151162726,0.01,0.01,0.01,0.01,True
2024-03-05,500,BTCUSDT,ETHUSDT,50,258,2.665897225513238e-05,3637.5834151162726,0.01,0.01,0.01,0.01,True
2024-03-05,500,BTCUSDT,ETHUSDT,100,258,2.665897225513238e-05,3637.5834151162726,0.01,0.01,0.01,0.01,True
2024-03-05,500,BTCUSDT,ETHUSDT,250,258,2.665897225513238e-05,3637.5834151162726,0.01,0.01,0.01,0.01,True
2024-03-05,500,BTCUSDT,ETHUSDT,500,258,2.665897225513238e-05,3637.5834151162726,0.01,0.01,0.01,0.01,True
2024-03-05,500,BTCUSDT,ETHUSDT,1000,258,3.844984698046492e-05,14644.267198837202,0.01,0.01,0.01,0.01,True
2024-03-05,500,BTCUSDT,ETHUSDT,2000,258,2.904036460725523e-05,12128.690010465114,0.01,0.01,0.01,0.01,True
2024-03-05,500,BTCUSDT,ETHUSDT,5000,258,2.1385018396488417e-05,20170.548026744218,0.01,0.01,0.01,0.01,True
2024-03-05,500,BTCUSDT,SOLUSDT,10,258,3.069714786298356e-05,652.6424701550328,0.01,0.01,0.01,0.01,True
2024-03-05,500,BTCUSDT,SOLUSDT,25,258,3.069714786298356e-05,652.6424701550328,0.01,0.01,0.01,0.01,True
2024-03-05,500,BTCUSDT,SOLUSDT,50,258,3.069714786298356e-05,652.6424701550328,0.01,0.01,0.01,0.01,True
2024-03-05,500,BTCUSDT,SOLUSDT,100,258,3.069714786298356e-05,652.6424701550328,0.01,0.01,0.01,0.01,True
2024-03-05,500,BTCUSDT,SOLUSDT,250,258,3.069714786298356e-05,652.6424701550328,0.01,0.01,0.01,0.01,True
2024-03-05,500,BTCUSDT,SOLUSDT,500,258,3.069714786298356e-05,652.6424701550328,0.01,0.01,0.01,0.01,True
2024-03-05,500,BTCUSDT,SOLUSDT,1000,258,3.4682397544543716e-05,-61.22415038760388,0.01,0.01,0.01,0.01,True
2024-03-05,500,BTCUSDT,SOLUSDT,2000,258,2.6503154462758116e-05,477.1491585271181,0.01,0.01,0.01,0.01,True
2024-03-05,500,BTCUSDT,SOLUSDT,5000,258,1.9446106600870732e-05,-14524.912940310118,0.01,0.01,0.01,0.01,True
2024-03-05,500,ETHUSDT,BTCUSDT,10,254,1.4426043182632028e-05,43362.10919999991,0.01,0.01,0.01,0.01,True
2024-03-05,500,ETHUSDT,BTCUSDT,25,254,1.4426043182632028e-05,43362.10919999991,0.01,0.01,0.01,0.01,True
2024-03-05,500,ETHUSDT,BTCUSDT,50,254,1.4426043182632028e-05,43362.10919999991,0.01,0.01,0.01,0.01,True
2024-03-05,500,ETHUSDT,BTCUSDT,100,254,1.4426043182632028e-05,43362.10919999991,0.01,0.01,0.01,0.01,True
2024-03-05,500,ETHUSDT,BTCUSDT,250,254,1.4426043182632028e-05,43362.10919999991,0.01,0.01,0.01,0.01,True
2024-03-05,500,ETHUSDT,BTCUSDT,500,254,1.4426043182632028e-05,43362.10919999991,0.01,0.01,0.01,0.01,True
2024-03-05,500,ETHUSDT,BTCUSDT,1000,254,1.623963332469553e-05,48808.19511692918,0.01,0.01,0.01,0.01,True
2024-03-05,500,ETHUSDT,BTCUSDT,2000,254,9.451168606571614e-06,104530.37576496073,0.01,0.01,0.01,0.01,True
2024-03-05,500,ETHUSDT,BTCUSDT,5000,254,-2.1897700856367635e-05,124565.93866850398,0.01,0.01,0.01,0.01,True
2024-03-05,500,ETHUSDT,ETHUSDT,10,254,1.0661168268060201e-05,-1971.0103720472562,0.01,0.01,0.01,0.01,True
2024-03-05,500,ETHUSDT,ETHUSDT,25,254,1.0661168268060201e-05,-1971.0103720472562,0.01,0.01,0.01,0.01,True
2024-03-05,500,ETHUSDT,ETHUSDT,50,254,1.0661168268060201e-05,-1971.0103720472562,0.01,0.01,0.01,0.01,True
2024-03-05,500,ETHUSDT,ETHUSDT,100,254,1.0661168268060201e-05,-1971.0103720472562,0.01,0.01,0.01,0.01,True
2024-03-05,500,ETHUSDT,ETHUSDT,250,254,1.0661168268060201e-05,-1971.0103720472562,0.01,0.01,0.01,0.01,True
2024-03-05,500,ETHUSDT,ETHUSDT,500,254,1.0661168268060201e-05,-1971.0103720472562,0.01,0.01,0.01,0.01,True
2024-03-05,500,ETHUSDT,ETHUSDT,1000,254,1.1978726876256887e-05,-4929.4298000000235,0.01,0.01,0.01,0.01,True
2024-03-05,500,ETHUSDT,ETHUSDT,2000,254,1.4106267300959314e-05,2223.609728740132,0.01,0.01,0.01,0.01,True
2024-03-05,500,ETHUSDT,ETHUSDT,5000,254,-1.190399430272754e-05,9896.072614173201,0.01,0.01,0.01,0.01,True
2024-03-05,500,ETHUSDT,SOLUSDT,10,254,3.4929395676153514e-05,2252.9927291338568,0.01,0.01,0.01,0.01,True
2024-03-05,500,ETHUSDT,SOLUSDT,25,254,3.4929395676153514e-05,2252.9927291338568,0.01,0.01,0.01,0.01,True
2024-03-05,500,ETHUSDT,SOLUSDT,50,254,3.4929395676153514e-05,2252.9927291338568,0.01,0.01,0.01,0.01,True
2024-03-05,500,ETHUSDT,SOLUSDT,100,254,3.4929395676153514e-05,2252.9927291338568,0.01,0.01,0.01,0.01,True
2024-03-05,500,ETHUSDT,SOLUSDT,250,254,3.4929395676153514e-05,2252.9927291338568,0.01,0.01,0.01,0.01,True
2024-03-05,500,ETHUSDT,SOLUSDT,500,254,3.4929395676153514e-05,2252.9927291338568,0.01,0.01,0.01,0.01,True
2024-03-05,500,ETHUSDT,SOLUSDT,1000,254,2.8686127296054265e-05,282.6067590551179,0.01,0.01,0.01,0.01,True
2024-03-05,500,ETHUSDT,SOLUSDT,2000,254,1.72090072815451e-05,871.4587185039342,0.01,0.01,0.01,0.01,True
2024-03-05,500,ETHUSDT,SOLUSDT,5000,254,-5.645907916241018e-05,-6547.096057086613,0.01,0.01,0.01,0.01,True
2024-03-05,500,SOLUSDT,BTCUSDT,10,130,1.5588809509873377e-05,-23423.996866153757,0.01,0.01,0.01,0.01,True
2024-03-05,500,SOLUSDT,BTCUSDT,25,130,1.5588809509873377e-05,-23423.996866153757,0.01,0.01,0.01,0.01,True
2024-03-05,500,SOLUSDT,BTCUSDT,50,130,1.5588809509873377e-05,-23423.996866153757,0.01,0.01,0.01,0.01,True
2024-03-05,500,SOLUSDT,BTCUSDT,100,130,1.5588809509873377e-05,-23423.996866153757,0.01,0.01,0.01,0.01,True
2024-03-05,500,SOLUSDT,BTCUSDT,250,130,1.5588809509873377e-05,-23423.996866153757,0.01,0.01,0.01,0.01,True
2024-03-05,500,SOLUSDT,BTCUSDT,500,130,1.5588809509873377e-05,-23423.996866153757,0.01,0.01,0.01,0.01,True
2024-03-05,500,SOLUSDT,BTCUSDT,1000,130,1.8066376451454966e-05,-23255.923874615255,0.01,0.01,0.01,0.01,True
2024-03-05,500,SOLUSDT,BTCUSDT,2000,130,2.178944358285789e-05,5632.705310000099,0.01,0.01,0.01,0.01,True
2024-03-05,500,SOLUSDT,BTCUSDT,5000,130,2.1845044610557805e-06,7995.969144615287,0.01,0.01,0.01,0.01,True
2024-03-05,500,SOLUSDT,ETHUSDT,10,130,1.307314043019075e-05,-839.802600769233,0.01,0.01,0.01,0.01,True
2024-03-05,500,SOLUSDT,ETHUSDT,25,130,1.307314043019075e-05,-839.802600769233,0.01,0.01,0.01,0.01,True
2024-03-05,500,SOLUSDT,ETHUSDT,50,130,1.307314043019075e-05,-839.802600769233,0.01,0.01,0.01,0.01,True
2024-03-05,500,SOLUSDT,ETHUSDT,100,130,1.307314043019075e-05,-839.802600769233,0.01,0.01,0.01,0.01,True
2024-03-05,500,SOLUSDT,ETHUSDT,250,130,1.307314043019075e-05,-839.802600769233,0.01,0.01,0.01,0.01,True
2024-03-05,500,SOLUSDT,ETHUSDT,500,130,1.307314043019075e-05,-839.802600769233,0.01,0.01,0.01,0.01,True
2024-03-05,500,SOLUSDT,ETHUSDT,1000,130,3.059443992015076e-05,23798.186481538472,0.01,0.01,0.01,0.01,True
2024-03-05,500,SOLUSDT,ETHUSDT,2000,130,3.124903892697262e-05,22214.30568384614,0.01,0.01,0.01,0.01,True
2024-03-05,500,SOLUSDT,ETHUSDT,5000,130,4.3683855959974186e-05,26400.275010769197,0.01,0.01,0.01,0.01,True
2024-03-05,500,SOLUSDT,SOLUSDT,10,130,1.4900661173719789e-05,1536.9153246153867,0.01,0.01,0.01,0.01,True
2024-03-05,500,SOLUSDT,SOLUSDT,25,130,1.4900661173719789e-05,1536.9153246153867,0.01,0.01,0.01,0.01,True
2024-03-05,500,SOLUSDT,SOLUSDT,50,130,1.4900661173719789e-05,1536.9153246153867,0.01,0.01,0.01,0.01,True
2024-03-05,500,SOLUSDT,SOLUSDT,100,130,1.4900661173719789e-05,1536.9153246153867,0.01,0.01,0.01,0.01,True
2024-03-05,500,SOLUSDT,SOLUSDT,250,130,1.4900661173719789e-05,1536.9153246153867,0.01,0.01,0.01,0.01,True
2024-03-05,500,SOLUSDT,SOLUSDT,500,130,1.4900661173719789e-05,1536.9153246153867,0.01,0.01,0.01,0.01,True
2024-03-05,500,SOLUSDT,SOLUSDT,1000,130,1.3926701224311098e-05,-2425.408177692307,0.01,0.01,0.01,0.01,True
2024-03-05,500,SOLUSDT,SOLUSDT,2000,130,5.043915294290576e-05,14382.770255384637,0.01,0.01,0.01,0.01,True
2024-03-05,500,SOLUSDT,SOLUSDT,5000,130,-1.1500518548125991e-05,13560.153633846185,0.01,0.01,0.01,0.01,True
2024-03-05,1000,BTCUSDT,BTCUSDT,10,187,-1.3152334794502216e-06,55552.618456149714,0.01,0.01,0.01,0.01,True
2024-03-05,1000,BTCUSDT,BTCUSDT,25,187,-1.3152334794502216e-06,55552.618456149714,0.01,0.01,0.01,0.01,True
2024-03-05,1000,BTCUSDT,BTCUSDT,50,187,-1.3152334794502216e-06,55552.618456149714,0.01,0.01,0.01,0.01,True
2024-03-05,1000,BTCUSDT,BTCUSDT,100,187,-1.3152334794502216e-06,55552.618456149714,0.01,0.01,0.01,0.01,True
2024-03-05,1000,BTCUSDT,BTCUSDT,250,187,-1.3152334794502216e-06,55552.618456149714,0.01,0.01,0.01,0.01,True
2024-03-05,1000,BTCUSDT,BTCUSDT,500,187,-1.3152334794502216e-06,55552.618456149714,0.01,0.01,0.01,0.01,True
2024-03-05,1000,BTCUSDT,BTCUSDT,1000,187,-1.3152334794502216e-06,55552.618456149714,0.01,0.01,0.01,0.01,True
2024-03-05,1000,BTCUSDT,BTCUSDT,2000,187,-7.2156650025813315e-06,108771.48124973263,0.01,0.01,0.01,0.01,True
2024-03-05,1000,BTCUSDT,BTCUSDT,5000,187,-2.7949342140526623e-05,125467.39909572207,0.01,0.01,0.01,0.01,True
2024-03-05,1000,BTCUSDT,ETHUSDT,10,187,3.121032713822429e-05,16506.708807486633,0.01,0.01,0.01,0.01,True
2024-03-05,1000,BTCUSDT,ETHUSDT,25,187,3.121032713822429e-05,16506.708807486633,0.01,0.01,0.01,0.01,True
2024-03-05,1000,BTCUSDT,ETHUSDT,50,187,3.121032713822429e-05,16506.708807486633,0.01,0.01,0.01,0.01,True
2024-03-05,1000,BTCUSDT,ETHUSDT,100,187,3.121032713822429e-05,16506.708807486633,0.01,0.01,0.01,0.01,True
2024-03-05,1000,BTCUSDT,ETHUSDT,250,187,3.121032713822429e-05,16506.708807486633,0.01,0.01,0.01,0.01,True
2024-03-05,1000,BTCUSDT,ETHUSDT,500,187,3.121032713822429e-05,16506.708807486633,0.01,0.01,0.01,0.01,True
2024-03-05,1000,BTCUSDT,ETHUSDT,1000,187,3.121032713822429e-05,16506.708807486633,0.01,0.01,0.01,0.01,True
2024-03-05,1000,BTCUSDT,ETHUSDT,2000,187,2.4591067954738816e-05,20847.203085026747,0.01,0.01,0.01,0.01,True
2024-03-05,1000,BTCUSDT,ETHUSDT,5000,187,7.331448727625074e-06,25986.25907272728,0.01,0.01,0.01,0.01,True
2024-03-05,1000,BTCUSDT,SOLUSDT,10,187,2.7074821608153838e-05,-207.97614759358765,0.01,0.01,0.01,0.01,True
2024-03-05,1000,BTCUSDT,SOLUSDT,25,187,2.7074821608153838e-05,-207.97614759358765,0.01,0.01,0.01,0.01,True
2024-03-05,1000,BTCUSDT,SOLUSDT,50,187,2.7074821608153838e-05,-207.97614759358765,0.01,0.01,0.01,0.01,True
2024-03-05,1000,BTCUSDT,SOLUSDT,100,187,2.7074821608153838e-05,-207.97614759358765,0.01,0.01,0.01,0.01,True
2024-03-05,1000,BTCUSDT,SOLUSDT,250,187,2.7074821608153838e-05,-207.97614759358765,0.01,0.01,0.01,0.01,True
2024-03-05,1000,BTCUSDT,SOLUSDT,500,187,2.7074821608153838e-05,-207.97614759358765,0.01,0.01,0.01,0.01,True
2024-03-05,1000,BTCUSDT,SOLUSDT,1000,187,2.7074821608153838e-05,-207.97614759358765,0.01,0.01,0.01,0.01,True
2024-03-05,1000,BTCUSDT,SOLUSDT,2000,187,2.445908638363598e-05,808.3972245989291,0.01,0.01,0.01,0.01,True
2024-03-05,1000,BTCUSDT,SOLUSDT,5000,187,6.110521638056923e-07,-27442.61310588239,0.01,0.01,0.01,0.01,True
2024-03-05,1000,ETHUSDT,BTCUSDT,10,179,1.6165532577225663e-05,52812.84153687151,0.01,0.01,0.01,0.01,True
2024-03-05,1000,ETHUSDT,BTCUSDT,25,179,1.6165532577225663e-05,52812.84153687151,0.01,0.01,0.01,0.01,True
2024-03-05,1000,ETHUSDT,BTCUSDT,50,179,1.6165532577225663e-05,52812.84153687151,0.01,0.01,0.01,0.01,True
2024-03-05,1000,ETHUSDT,BTCUSDT,100,179,1.6165532577225663e-05,52812.84153687151,0.01,0.01,0.01,0.01,True
2024-03-05,1000,ETHUSDT,BTCUSDT,250,179,1.6165532577225663e-05,52812.84153687151,0.01,0.01,0.01,0.01,True
2024-03-05,1000,ETHUSDT,BTCUSDT,500,179,1.6165532577225663e-05,52812.84153687151,0.01,0.01,0.01,0.01,True
2024-03-05,1000,ETHUSDT,BTCUSDT,1000,179,1.6165532577225663e-05,52812.84153687151,0.01,0.01,0.01,0.01,True
2024-03-05,1000,ETHUSDT,BTCUSDT,2000,179,2.0838589719583898e-05,99554.597847486,0.01,0.01,0.01,0.01,True
2024-03-05,1000,ETHUSDT,BTCUSDT,5000,179,1.0015635448599167e-06,114314.86966648027,0.01,0.01,0.01,0.01,True
2024-03-05,1000,ETHUSDT,ETHUSDT,10,179,1.1682600828771414e-05,-6924.426624022348,0.01,0.01,0.01,0.01,True
2024-03-05,1000,ETHUSDT,ETHUSDT,25,179,1.1682600828771414e-05,-6924.426624022348,0.01,0.01,0.01,0.01,True
2024-03-05,1000,ETHUSDT,ETHUSDT,50,179,1.1682600828771414e-05,-6924.426624022348,0.01,0.01,0.01,0.01,True
2024-03-05,1000,ETHUSDT,ETHUSDT,100,179,1.1682600828771414e-05,-6924.426624022348,0.01,0.01,0.01,0.01,True
2024-03-05,1000,ETHUSDT,ETHUSDT,250,179,1.1682600828771414e-05,-6924.426624022348,0.01,0.01,0.01,0.01,True
2024-03-05,1000,ETHUSDT,ETHUSDT,500,179,1.1682600828771414e-05,-6924.426624022348,0.01,0.01,0.01,0.01,True
2024-03-05,1000,ETHUSDT,ETHUSDT,1000,179,1.1682600828771414e-05,-6924.426624022348,0.01,0.01,0.01,0.01,True
2024-03-05,1000,ETHUSDT,ETHUSDT,2000,179,1.0476512902569996e-05,-1536.2703860335055,0.01,0.01,0.01,0.01,True
2024-03-05,1000,ETHUSDT,ETHUSDT,5000,179,8.798163487349783e-06,13614.977489944167,0.01,0.01,0.01,0.01,True
2024-03-05,1000,ETHUSDT,SOLUSDT,10,179,2.925587636263042e-05,903.9924776536336,0.01,0.01,0.01,0.01,True
2024-03-05,1000,ETHUSDT,SOLUSDT,25,179,2.925587636263042e-05,903.9924776536336,0.01,0.01,0.01,0.01,True
2024-03-05,1000,ETHUSDT,SOLUSDT,50,179,2.925587636263042e-05,903.9924776536336,0.01,0.01,0.01,0.01,True
2024-03-05,1000,ETHUSDT,SOLUSDT,100,179,2.925587636263042e-05,903.9924776536336,0.01,0.01,0.01,0.01,True
2024-03-05,1000,ETHUSDT,SOLUSDT,250,179,2.925587636263042e-05,903.9924776536336,0.01,0.01,0.01,0.01,True
2024-03-05,1000,ETHUSDT,SOLUSDT,500,179,2.925587636263042e-05,903.9924776536336,0.01,0.01,0.01,0.01,True
2024-03-05,1000,ETHUSDT,SOLUSDT,1000,179,2.925587636263042e-05,903.9924776536336,0.01,0.01,0.01,0.01,True
2024-03-05,1000,ETHUSDT,SOLUSDT,2000,179,8.295783376122693e-06,622.1406234636934,0.01,0.01,0.01,0.01,True
2024-03-05,1000,ETHUSDT,SOLUSDT,5000,179,-4.115622013915115e-05,-5203.7393893854605,0.01,0.01,0.01,0.01,True
2024-03-05,1000,SOLUSDT,BTCUSDT,10,90,1.6477609039849344e-05,14066.246869999817,0.01,0.01,0.01,0.01,True
2024-03-05,1000,SOLUSDT,BTCUSDT,25,90,1.6477609039849344e-05,14066.246869999817,0.01,0.01,0.01,0.01,True
2024-03-05,1000,SOLUSDT,BTCUSDT,50,90,1.6477609039849344e-05,14066.246869999817,0.01,0.01,0.01,0.01,True
2024-03-05,1000,SOLUSDT,BTCUSDT,100,90,1.6477609039849344e-05,14066.246869999817,0.01,0.01,0.01,0.01,True
2024-03-05,1000,SOLUSDT,BTCUSDT,250,90,1.6477609039849344e-05,14066.246869999817,0.01,0.01,0.01,0.01,True
2024-03-05,1000,SOLUSDT,BTCUSDT,500,90,1.6477609039849344e-05,14066.246869999817,0.01,0.01,0.01,0.01,True
2024-03-05,1000,SOLUSDT,BTCUSDT,1000,90,1.6477609039849344e-05,14066.246869999817,0.01,0.01,0.01,0.01,True
2024-03-05,1000,SOLUSDT,BTCUSDT,2000,90,2.941040581334104e-05,64006.592059999806,0.01,0.01,0.01,0.01,True
2024-03-05,1000,SOLUSDT,BTCUSDT,5000,90,2.7306173865997922e-05,115191.98654666598,0.01,0.01,0.01,0.01,True
2024-03-05,1000,SOLUSDT,ETHUSDT,10,90,3.7211210266797754e-05,31577.539272222224,0.01,0.01,0.01,0.01,True
2024-03-05,1000,SOLUSDT,ETHUSDT,25,90,3.7211210266797754e-05,31577.539272222224,0.01,0.01,0.01,0.01,True
2024-03-05,1000,SOLUSDT,ETHUSDT,50,90,3.7211210266797754e-05,31577.539272222224,0.01,0.01,0.01,0.01,True
2024-03-05,1000,SOLUSDT,ETHUSDT,100,90,3.7211210266797754e-05,31577.539272222224,0.01,0.01,0.01,0.01,True
2024-03-05,1000,SOLUSDT,ETHUSDT,250,90,3.7211210266797754e-05,31577.539272222224,0.01,0.01,0.01,0.01,True
2024-03-05,1000,SOLUSDT,ETHUSDT,500,90,3.7211210266797754e-05,31577.539272222224,0.01,0.01,0.01,0.01,True
2024-03-05,1000,SOLUSDT,ETHUSDT,1000,90,3.7211210266797754e-05,31577.539272222224,0.01,0.01,0.01,0.01,True
2024-03-05,1000,SOLUSDT,ETHUSDT,2000,90,4.7406420949336335e-05,33643.02888777776,0.01,0.01,0.01,0.01,True
2024-03-05,1000,SOLUSDT,ETHUSDT,5000,90,7.386740899312609e-05,46918.024491111064,0.01,0.01,0.01,0.01,True
2024-03-05,1000,SOLUSDT,SOLUSDT,10,90,3.657566309867022e-05,7934.432467777773,0.01,0.01,0.01,0.01,True
2024-03-05,1000,SOLUSDT,SOLUSDT,25,90,3.657566309867022e-05,7934.432467777773,0.01,0.01,0.01,0.01,True
2024-03-05,1000,SOLUSDT,SOLUSDT,50,90,3.657566309867022e-05,7934.432467777773,0.01,0.01,0.01,0.01,True
2024-03-05,1000,SOLUSDT,SOLUSDT,100,90,3.657566309867022e-05,7934.432467777773,0.01,0.01,0.01,0.01,True
2024-03-05,1000,SOLUSDT,SOLUSDT,250,90,3.657566309867022e-05,7934.432467777773,0.01,0.01,0.01,0.01,True
2024-03-05,1000,SOLUSDT,SOLUSDT,500,90,3.657566309867022e-05,7934.432467777773,0.01,0.01,0.01,0.01,True
2024-03-05,1000,SOLUSDT,SOLUSDT,1000,90,3.657566309867022e-05,7934.432467777773,0.01,0.01,0.01,0.01,True
2024-03-05,1000,SOLUSDT,SOLUSDT,2000,90,7.61607429627177e-05,22498.95732333336,0.01,0.01,0.01,0.01,True
2024-03-05,1000,SOLUSDT,SOLUSDT,5000,90,0.00013040760333764308,41981.81475333336,0.01,0.01,0.01,0.01,True
