idx,timestamp_us,kind,direction,score
100,1704067210000000,imbalance_change,1,7.8878179733485645
110,1704067211000000,imbalance_change,-1,6.275603223051368
133,1704067213300000,signed_liquidity_delta,-1,50.9342244749066
146,1704067214600000,signed_liquidity_delta,-1,30.977018383602978
157,1704067215700000,imbalance_change,-1,19.81263700792538
170,1704067217000000,imbalance_change,1,34.08241756321409
182,1704067218200000,imbalance_change,-1,15.846088854576472
197,1704067219700000,signed_liquidity_delta,-1,30.90085778740531
237,1704067223700000,imbalance_change,1,25.44141227914766
248,1704067224800000,removed_liquidity,-1,6.210322318642441
275,1704067227500000,signed_liquidity_delta,-1,50.396927118169636
300,1704067230200000,signed_liquidity_delta,1,1304.5929325679297
317,1704067231900000,signed_liquidity_delta,1,57.631662109028795
345,1704067234700000,signed_liquidity_delta,1,54.135056106885244
377,1704067237900000,imbalance_change,-1,19.480874504441402
390,1704067239200000,imbalance_change,1,19.02923564211973
400,1704067240200000,removed_liquidity,1,9.90254223288816
425,1704067242700000,imbalance_change,1,32.93908705539932
447,1704067244900000,imbalance_change,-1,17.506558463672164
472,1704067247400000,imbalance_change,1,17.021413406145385
483,1704067248500000,imbalance_change,1,6.388290947041496
505,1704067250700000,signed_liquidity_delta,1,58.327018785271875
516,1704067251800000,imbalance_change,1,6.372381784405842
545,1704067254700000,imbalance_change,-1,21.066178666427767
557,1704067255900000,imbalance_change,-1,34.85151775869577
572,1704067257400000,signed_liquidity_delta,-1,8.794462269153842
594,1704067259600000,imbalance_change,-1,49.617073808408854
608,1704067261000000,imbalance_change,-1,11.009174682141722
636,1704067263800000,imbalance_change,1,23.480027907341224
647,1704067264900000,imbalance_change,1,36.23355349630951
668,1704067267000000,imbalance_change,-1,6.895135307360325
698,1704067270000000,signed_liquidity_delta,1,76.00931830110957
708,1704067271000000,imbalance_change,-1,8.624030279629363
726,1704067272800000,imbalance_change,1,10.975482409128613
739,1704067274100000,imbalance_change,1,12.722136279718715
765,1704067276700000,signed_liquidity_delta,-1,42.67810285832804
776,1704067277800000,imbalance_change,-1,11.910098530588275
792,1704067279400000,imbalance_change,1,8.466511393499706
802,1704067280400000,imbalance_change,-1,15.320864163207675
813,1704067281500000,imbalance_change,-1,16.441833037821556
826,1704067282800000,imbalance_change,-1,23.15258854436992
873,1704067287500000,imbalance_change,-1,8.412790503075643
892,1704067289400000,imbalance_change,1,20.432152491592692
914,1704067291600000,signed_liquidity_delta,-1,12.425131786522057
924,1704067292600000,signed_liquidity_delta,1,7.79759309563507
934,1704067293600000,removed_liquidity,-1,7.702064534894697
952,1704067295400000,imbalance_change,1,8.174041392300314
962,1704067296400000,imbalance_change,1,18.117345286761417
984,1704067298600000,signed_liquidity_delta,-1,15.61553046011746
1033,1704067303500000,imbalance_change,1,9.33517461033209
1085,1704067308700000,imbalance_change,1,13.181815365124857
1104,1704067310600000,signed_liquidity_delta,1,69.31031572322989
1139,1704067314100000,imbalance_change,1,10.299037402619375
1152,1704067315400000,imbalance_change,-1,7.542254126189571
1183,1704067318500000,imbalance_change,-1,23.69094252559351
1198,1704067320000000,signed_liquidity_delta,1,8.157008511937756
1210,1704067321200000,signed_liquidity_delta,-1,8.23003922062045
1238,1704067324000000,removed_liquidity,-1,7.617050539653103
1260,1704067326200000,imbalance_change,-1,14.925102924156228
1278,1704067328000000,imbalance_change,1,19.500108461988464
1292,1704067329400000,imbalance_change,-1,9.917382324879922
1328,1704067333000000,signed_liquidity_delta,1,149.97794994245703
1341,1704067334300000,imbalance_change,-1,19.491376850389994
1361,1704067336300000,signed_liquidity_delta,-1,8.380795469258297
1382,1704067338400000,signed_liquidity_delta,-1,9.44495722434898
1392,1704067339400000,imbalance_change,1,29.637381583543704
1408,1704067341000000,signed_liquidity_delta,-1,31.298875149725994
1423,1704067342500000,signed_liquidity_delta,1,15.466860803156262
1440,1704067344200000,signed_liquidity_delta,1,6.8315011493468605
1452,1704067345400000,imbalance_change,1,14.79589498551554
1470,1704067347200000,signed_liquidity_delta,-1,10.449129468736023
1546,1704067354800000,imbalance_change,-1,10.287483621172976
1580,1704067358200000,imbalance_change,1,11.538250898657209
1592,1704067359400000,imbalance_change,-1,46.80217305243274
1602,1704067360400000,imbalance_change,-1,9.774892769962491
1626,1704067362800000,imbalance_change,-1,19.531535442339955
1653,1704067365500000,imbalance_change,-1,27.83453572854724
1663,1704067366500000,imbalance_change,1,9.153427585089396
1693,1704067369500000,imbalance_change,-1,31.077123622835035
1707,1704067370900000,signed_liquidity_delta,-1,6.420442589047125
1720,1704067372200000,signed_liquidity_delta,1,9.133011768690045
1736,1704067373800000,imbalance_change,-1,9.803599054554171
1763,1704067376500000,imbalance_change,1,7.036984711279884
1778,1704067378000000,signed_liquidity_delta,1,15.720381691869042
1803,1704067380500000,imbalance_change,1,27.142628642159785
1823,1704067382500000,signed_liquidity_delta,1,9.389662544917798
1850,1704067385200000,imbalance_change,1,14.48738652721487
1862,1704067386400000,signed_liquidity_delta,1,16.10744444788732
1897,1704067389900000,imbalance_change,1,8.122699313220425
1919,1704067392100000,imbalance_change,-1,26.12912078130337
1952,1704067395400000,signed_liquidity_delta,1,26.842958624243337
1965,1704067396700000,signed_liquidity_delta,-1,6.990603764691301
1991,1704067399300000,imbalance_change,-1,19.120492652520554
2015,1704067401700000,imbalance_change,1,18.365665393324903
2049,1704067405100000,imbalance_change,1,9.431236838321654
2062,1704067406400000,imbalance_change,1,6.526261786063441
2081,1704067408300000,imbalance_change,1,7.344806911771107
2109,1704067411100000,imbalance_change,-1,39.84286996645972
2120,1704067412200000,signed_liquidity_delta,-1,42.76313146915146
2131,1704067413300000,imbalance_change,-1,19.235272952114496
2146,1704067414800000,signed_liquidity_delta,-1,59.18356466853604
2170,1704067417200000,signed_liquidity_delta,1,49.33328701099811
2181,1704067418300000,signed_liquidity_delta,-1,27.60665117789665
2203,1704067420500000,imbalance_change,1,22.469518808398544
2215,1704067421700000,signed_liquidity_delta,-1,45.02604014247665
2226,1704067422800000,imbalance_change,1,11.586829237255765
2248,1704067425000000,imbalance_change,1,37.088711092970286
2258,1704067426000000,imbalance_change,-1,9.975759745276319
2280,1704067428200000,imbalance_change,1,10.531061962044877
2304,1704067430600000,imbalance_change,-1,10.300720140180998
2323,1704067432500000,imbalance_change,1,15.961566302770997
2339,1704067434100000,imbalance_change,1,23.442859517622214
2358,1704067436000000,signed_liquidity_delta,1,19.898781524357464
2381,1704067438300000,imbalance_change,-1,50.42736469659944
2399,1704067440100000,signed_liquidity_delta,-1,56.52159533705185
2425,1704067442700000,signed_liquidity_delta,-1,104.68117452993523
2439,1704067444100000,imbalance_change,1,22.39619064413477
2457,1704067445900000,imbalance_change,1,20.284565474481735
2474,1704067447600000,imbalance_change,-1,14.825283629352683
2485,1704067448700000,signed_liquidity_delta,1,7.11475596945188
2504,1704067450600000,removed_liquidity,1,12.653897771584392
2525,1704067452700000,imbalance_change,-1,22.64880303950968
2535,1704067453700000,signed_liquidity_delta,1,19.792365348848396
2549,1704067455100000,imbalance_change,-1,17.012789536942336
2572,1704067457400000,imbalance_change,-1,21.859299949577114
2600,1704067460200000,imbalance_change,-1,21.94917369507153
2621,1704067462300000,imbalance_change,1,26.254520273184955
2643,1704067464500000,signed_liquidity_delta,-1,19.20759803146768
2655,1704067465700000,imbalance_change,-1,26.86839901025748
2669,1704067467100000,removed_liquidity,-1,7.005677853469857
2707,1704067470900000,imbalance_change,1,41.90262765522455
2729,1704067473100000,signed_liquidity_delta,-1,11.893050908976715
2747,1704067474900000,signed_liquidity_delta,-1,12.956691016148238
2771,1704067477300000,signed_liquidity_delta,1,18.14917440348778
2793,1704067479500000,signed_liquidity_delta,-1,29.33069755072739
2812,1704067481400000,imbalance_change,-1,11.928629530997405
2822,1704067482400000,imbalance_change,1,7.897920829866305
2858,1704067486000000,removed_liquidity,1,9.79118888899489
2878,1704067488000000,signed_liquidity_delta,1,54.685916309520415
2910,1704067491200000,signed_liquidity_delta,-1,10.067804839828527
2923,1704067492500000,imbalance_change,1,24.989450401876756
2946,1704067494800000,imbalance_change,1,28.893410602228574
2958,1704067496000000,signed_liquidity_delta,1,20.74802433675336
2979,1704067498100000,removed_liquidity,-1,10.784018158361238
3014,1704067501600000,imbalance_change,-1,34.25785361440431
3037,1704067503900000,signed_liquidity_delta,-1,83.80273821339135
3066,1704067506800000,imbalance_change,1,17.102223677754086
3083,1704067508500000,signed_liquidity_delta,1,27.90712037933402
3097,1704067509900000,signed_liquidity_delta,1,15.604054205895894
3108,1704067511000000,signed_liquidity_delta,-1,11.73290499779395
3134,1704067513600000,removed_liquidity,-1,8.742897088727855
3153,1704067515500000,signed_liquidity_delta,1,48.986912792674474
3169,1704067517100000,imbalance_change,-1,10.146534070143261
3197,1704067519900000,signed_liquidity_delta,-1,34.252967315940964
3217,1704067521900000,imbalance_change,1,25.537545225003296
3237,1704067523900000,signed_liquidity_delta,-1,8.08606439493171
3257,1704067525900000,imbalance_change,-1,7.083371276215869
3269,1704067527100000,imbalance_change,-1,9.220683855010439
3298,1704067530000000,signed_liquidity_delta,-1,19.937383470375458
3335,1704067533700000,imbalance_change,1,26.92226006803862
3352,1704067535400000,imbalance_change,-1,15.580519134594807
3381,1704067538300000,imbalance_change,-1,35.116030654877164
3428,1704067543000000,signed_liquidity_delta,1,70.06827014977242
3446,1704067544800000,signed_liquidity_delta,1,17.984333661032554
3460,1704067546200000,imbalance_change,1,6.311598320380402
3484,1704067548600000,signed_liquidity_delta,-1,33.64785572971293
3521,1704067552300000,removed_liquidity,1,7.35494189941202
3562,1704067556400000,imbalance_change,-1,42.63522955781307
3577,1704067557900000,imbalance_change,-1,6.860366740924972
3602,1704067560400000,imbalance_change,-1,19.63227425476605
3618,1704067562000000,imbalance_change,1,7.897062496542815
3643,1704067564500000,imbalance_change,1,13.025086676403081
3668,1704067567000000,imbalance_change,-1,15.464988211126705
3686,1704067568800000,removed_liquidity,-1,8.263863568940842
3709,1704067571100000,signed_liquidity_delta,1,6.241517352774525
3722,1704067572400000,imbalance_change,1,7.263323042317847
3733,1704067573500000,removed_liquidity,-1,6.316964559524843
3743,1704067574500000,signed_liquidity_delta,-1,8.95773806785158
3764,1704067576600000,signed_liquidity_delta,1,21.08866042796621
3782,1704067578400000,signed_liquidity_delta,-1,63.22320615452735
3795,1704067579700000,imbalance_change,-1,10.759335384639241
3811,1704067581300000,signed_liquidity_delta,1,106.91747915938316
3822,1704067582400000,imbalance_change,-1,13.73251318916798
3842,1704067584400000,imbalance_change,1,71.2721098274461
3860,1704067586200000,signed_liquidity_delta,-1,31.1418591260582
3870,1704067587200000,imbalance_change,-1,6.910478679142691
3904,1704067590600000,imbalance_change,-1,6.502740058417352
3939,1704067594100000,signed_liquidity_delta,1,52.22008659564117
3950,1704067595200000,imbalance_change,1,40.917641311127156
3962,1704067596400000,imbalance_change,-1,18.86552818297511
3972,1704067597400000,imbalance_change,-1,10.502408513089483
3984,1704067598600000,imbalance_change,-1,8.587141937320988
4013,1704067601500000,imbalance_change,-1,13.894438639373066
4038,1704067604000000,imbalance_change,1,16.865234024003506
4061,1704067606300000,imbalance_change,-1,56.14002593043656
4089,1704067609100000,imbalance_change,1,10.383377666374143
4106,1704067610800000,imbalance_change,1,36.06319908172679
4126,1704067612800000,signed_liquidity_delta,1,70.90029858083597
4145,1704067614700000,signed_liquidity_delta,-1,26.194028612805685
4174,1704067617600000,signed_liquidity_delta,-1,36.00831256392143
4194,1704067619600000,imbalance_change,1,12.306127628300686
4206,1704067620800000,imbalance_change,1,6.974682403567316
4227,1704067622900000,removed_liquidity,-1,9.382465012627666
4240,1704067624200000,imbalance_change,-1,32.142074626810725
4271,1704067627300000,imbalance_change,-1,6.794908292551281
4292,1704067629400000,imbalance_change,1,10.742337057365532
4322,1704067632400000,imbalance_change,1,30.313054178294028
4354,1704067635600000,imbalance_change,-1,39.865461379248586
4364,1704067636600000,removed_liquidity,-1,8.440494241674111
4384,1704067638600000,signed_liquidity_delta,-1,8.275422589587553
4411,1704067641300000,imbalance_change,1,9.151126813521246
4431,1704067643300000,imbalance_change,1,15.48892574813343
4453,1704067645500000,imbalance_change,1,13.194999568757677
4464,1704067646600000,imbalance_change,1,11.882977417523762
4481,1704067648300000,imbalance_change,-1,9.019585832912265
4495,1704067649700000,imbalance_change,1,9.947765601297615
4510,1704067651200000,imbalance_change,1,7.247099880964962
4524,1704067652600000,imbalance_change,1,9.188741535454252
4537,1704067653900000,signed_liquidity_delta,-1,46.322856869513636
4554,1704067655600000,signed_liquidity_delta,-1,20.899823881229533
4572,1704067657400000,imbalance_change,-1,18.37975575035694
4592,1704067659400000,imbalance_change,1,46.801645011938554
4608,1704067661000000,imbalance_change,1,29.28555010608127
4629,1704067663100000,imbalance_change,-1,19.472453183160116
4639,1704067664100000,imbalance_change,-1,6.217375383056538
4666,1704067666800000,imbalance_change,-1,17.430027701064905
4720,1704067672200000,imbalance_change,-1,22.499514382832185
4738,1704067674000000,imbalance_change,1,9.723854223385143
4754,1704067675600000,signed_liquidity_delta,-1,28.77931570017305
4783,1704067678500000,imbalance_change,1,21.83815987587748
4805,1704067680700000,signed_liquidity_delta,1,24.958766340229833
4819,1704067682100000,imbalance_change,-1,11.394116336523599
4858,1704067686000000,signed_liquidity_delta,-1,31.438155144142275
4871,1704067687300000,signed_liquidity_delta,1,8.64474931635432
4888,1704067689000000,signed_liquidity_delta,-1,13.93843240001131
4916,1704067691800000,imbalance_change,1,10.040482554141636
4949,1704067695100000,imbalance_change,1,54.51263001611986
4971,1704067697300000,signed_liquidity_delta,-1,20.269673194881715
4985,1704067698700000,imbalance_change,1,18.207292473345984
5002,1704067700400000,imbalance_change,-1,9.47511175479491
5053,1704067705500000,imbalance_change,1,8.277386187329247
5082,1704067708400000,imbalance_change,1,37.24371647196681
5102,1704067710400000,imbalance_change,1,12.23010342539036
5116,1704067711800000,imbalance_change,-1,29.390253588175145
5130,1704067713200000,imbalance_change,-1,13.947524186518487
5144,1704067714600000,imbalance_change,-1,26.033335709534917
5163,1704067716500000,imbalance_change,1,10.302963463421152
5173,1704067717500000,imbalance_change,1,30.12049155422904
5192,1704067719400000,signed_liquidity_delta,1,6.176833010798425
5206,1704067720800000,imbalance_change,-1,13.516676137795255
5225,1704067722700000,signed_liquidity_delta,1,6.7469941864426
5253,1704067725500000,removed_liquidity,0,7.416614520645216
5269,1704067727100000,imbalance_change,1,25.138513314945307
5288,1704067729000000,signed_liquidity_delta,-1,6.195090687969098
5306,1704067730800000,signed_liquidity_delta,1,7.344281053883204
5338,1704067734000000,imbalance_change,1,9.09545939071472
5394,1704067739600000,imbalance_change,1,22.211615811225837
5413,1704067741500000,removed_liquidity,1,8.029057912058205
5442,1704067744400000,removed_liquidity,0,7.266323196563626
5507,1704067750900000,imbalance_change,-1,6.322868233054312
5518,1704067752000000,imbalance_change,-1,16.289238705500594
5532,1704067753400000,signed_liquidity_delta,-1,23.764192605348622
5574,1704067757600000,imbalance_change,1,35.96238243564336
5599,1704067760100000,imbalance_change,-1,17.813942694173996
5618,1704067762000000,signed_liquidity_delta,1,20.00258946027072
5637,1704067763900000,signed_liquidity_delta,1,6.681266548628176
5693,1704067769500000,signed_liquidity_delta,-1,8.022944996713097
5710,1704067771200000,signed_liquidity_delta,-1,28.420943579708688
5723,1704067772500000,imbalance_change,1,23.14241856420177
5747,1704067774900000,imbalance_change,1,59.991090139299786
5757,1704067775900000,signed_liquidity_delta,1,10.307241234723932
5774,1704067777600000,signed_liquidity_delta,-1,6.017208747534823
5796,1704067779800000,imbalance_change,-1,14.010357098562022
5818,1704067782000000,imbalance_change,1,21.812037434120956
5843,1704067784500000,imbalance_change,-1,56.08359319934384
5859,1704067786100000,imbalance_change,1,35.46445683104789
5880,1704067788200000,signed_liquidity_delta,-1,26.659338556698277
5892,1704067789400000,imbalance_change,-1,26.989942073587525
5905,1704067790700000,signed_liquidity_delta,-1,25.19142131217613
5943,1704067794500000,signed_liquidity_delta,1,52.16479191620999
5957,1704067795900000,removed_liquidity,-1,14.19425000526698
5971,1704067797300000,signed_liquidity_delta,1,53.445437557752946
5985,1704067798700000,signed_liquidity_delta,1,17.93529875663132
5999,1704067800100000,signed_liquidity_delta,1,52.0985426304764
6017,1704067801900000,signed_liquidity_delta,-1,7.766294220485343
6044,1704067804600000,signed_liquidity_delta,1,52.16479191620999
6079,1704067808100000,signed_liquidity_delta,1,17.561798846511255
6096,1704067809800000,signed_liquidity_delta,1,54.640532940553314
6107,1704067810900000,signed_liquidity_delta,-1,6.819503247206132
6131,1704067813300000,signed_liquidity_delta,1,9.16900547511223
6150,1704067815200000,removed_liquidity,-1,8.395917213942477
6162,1704067816400000,removed_liquidity,-1,6.242050883617158
6183,1704067818500000,signed_liquidity_delta,-1,130.72340359826475
6198,1704067820000000,imbalance_change,1,22.826246946270594
6215,1704067821700000,signed_liquidity_delta,-1,7.63379564901817
6239,1704067824100000,signed_liquidity_delta,-1,88.75056872664386
6262,1704067826400000,signed_liquidity_delta,-1,17.967119279700206
6279,1704067828100000,imbalance_change,-1,7.639902210913145
6291,1704067829300000,signed_liquidity_delta,1,6.7386478197360065
6346,1704067834800000,imbalance_change,1,11.844185728062016
6372,1704067837400000,signed_liquidity_delta,-1,6.071981779046843
6383,1704067838500000,removed_liquidity,1,7.462761916047139
6396,1704067839800000,signed_liquidity_delta,-1,7.325501728793369
6409,1704067841100000,imbalance_change,1,30.383362315358895
6442,1704067844400000,removed_liquidity,-1,7.532893108595305
6467,1704067846900000,imbalance_change,1,17.48364250381871
6478,1704067848000000,imbalance_change,-1,7.1239297915310065
6488,1704067849000000,imbalance_change,-1,8.812853918089685
6498,1704067850000000,signed_liquidity_delta,1,6.239952409017039
6557,1704067855900000,imbalance_change,1,10.520477058881893
6579,1704067858100000,imbalance_change,1,19.904948873336078
6591,1704067859300000,imbalance_change,-1,8.799279901122777
6603,1704067860500000,imbalance_change,-1,13.577041895440049
6617,1704067861900000,imbalance_change,-1,6.828890713788899
6636,1704067863800000,imbalance_change,-1,9.154597847278264
6650,1704067865200000,signed_liquidity_delta,1,6.20552364635234
6670,1704067867200000,imbalance_change,1,22.900297107351157
6682,1704067868400000,signed_liquidity_delta,-1,6.72717156551444
6711,1704067871300000,imbalance_change,-1,17.381780233466436
6729,1704067873100000,imbalance_change,-1,111.98563771816607
6741,1704067874300000,signed_liquidity_delta,1,51.63792751785627
6758,1704067876000000,imbalance_change,1,10.252411937607267
6781,1704067878300000,imbalance_change,1,9.464198405268828
6800,1704067880200000,signed_liquidity_delta,-1,34.50648820465375
6828,1704067883000000,imbalance_change,1,8.127407004879279
6852,1704067885400000,removed_liquidity,-1,9.050938983324913
6920,1704067892200000,signed_liquidity_delta,1,55.39587912750004
6966,1704067896800000,imbalance_change,1,43.48984917140549
6979,1704067898100000,imbalance_change,1,27.237722932584827
6998,1704067900000000,signed_liquidity_delta,-1,6.520598989526249
7021,1704067902300000,imbalance_change,1,15.701810063224269
7032,1704067903400000,imbalance_change,1,17.857277833003753
7056,1704067905800000,imbalance_change,1,13.16142798634418
7068,1704067907000000,signed_liquidity_delta,1,9.107451020651101
7080,1704067908200000,imbalance_change,-1,8.419524573852511
7092,1704067909400000,imbalance_change,-1,30.975345399041267
7124,1704067912600000,imbalance_change,-1,10.182231613308376
7157,1704067915900000,imbalance_change,-1,10.792569334569624
7175,1704067917700000,removed_liquidity,1,9.579510465074701
7188,1704067919000000,imbalance_change,-1,15.000021618418595
7200,1704067920200000,signed_liquidity_delta,-1,24.310879624630505
7210,1704067921200000,imbalance_change,1,40.62694279323188
7233,1704067923500000,signed_liquidity_delta,1,31.342171927016448
7271,1704067927300000,imbalance_change,1,9.222166540994257
7282,1704067928400000,imbalance_change,1,16.234883098086012
7297,1704067929900000,imbalance_change,-1,30.954912470507765
7307,1704067930900000,imbalance_change,-1,6.642304065221132
7341,1704067934300000,signed_liquidity_delta,-1,29.32339447985912
7354,1704067935600000,signed_trade_notional,1,8.535721403230033
7371,1704067937300000,signed_liquidity_delta,-1,7.5028620213084825
7384,1704067938600000,signed_liquidity_delta,-1,9.108494316489427
7408,1704067941000000,signed_liquidity_delta,1,6.978605862550572
7422,1704067942400000,imbalance_change,-1,24.536559273551887
7434,1704067943600000,imbalance_change,-1,21.43223934840274
7444,1704067944600000,imbalance_change,1,7.486369499142786
7497,1704067949900000,signed_liquidity_delta,1,44.89093333141367
7515,1704067951700000,imbalance_change,1,19.342273993161797
7547,1704067954900000,imbalance_change,-1,12.177715271244864
7593,1704067959500000,imbalance_change,1,29.68438115246919
7607,1704067960900000,imbalance_change,-1,20.97054911149423
7633,1704067963500000,imbalance_change,1,15.99436180069569
7659,1704067966100000,signed_liquidity_delta,1,11.38496583571283
7669,1704067967100000,signed_liquidity_delta,1,6.073025074885167
7689,1704067969100000,imbalance_change,-1,9.098343602429336
7718,1704067972000000,imbalance_change,-1,21.303334821434838
7737,1704067973900000,imbalance_change,-1,6.4060987893737
7765,1704067976700000,imbalance_change,1,17.39158711782438
7820,1704067982200000,signed_liquidity_delta,-1,32.512228209697035
7837,1704067983900000,imbalance_change,1,13.363040893469524
7877,1704067987900000,imbalance_change,1,36.53150208354984
7898,1704067990000000,signed_liquidity_delta,1,32.782963479742165
7931,1704067993300000,imbalance_change,-1,14.301288788409082
7945,1704067994700000,imbalance_change,1,12.029029911682462
7969,1704067997100000,imbalance_change,1,7.888556764610112
8001,1704068000300000,signed_liquidity_delta,1,20.11213552329476
8011,1704068001300000,signed_liquidity_delta,1,26.238890333853625
8072,1704068007400000,imbalance_change,-1,23.95238645072346
8091,1704068009300000,removed_liquidity,-1,7.93901160223682
8139,1704068014100000,removed_liquidity,1,8.006287580839004
8162,1704068016400000,imbalance_change,-1,32.1054334868734
8172,1704068017400000,signed_liquidity_delta,1,6.94313380404755
8186,1704068018800000,removed_liquidity,-1,6.425641140343756
8202,1704068020400000,imbalance_change,1,10.595108684742364
8212,1704068021400000,imbalance_change,1,6.313946929968452
8241,1704068024300000,imbalance_change,1,10.158590512376149
8259,1704068026100000,imbalance_change,1,8.348199136819595
8338,1704068034000000,imbalance_change,-1,31.167489812809254
8353,1704068035500000,imbalance_change,-1,10.297184960507982
8368,1704068037000000,imbalance_change,-1,15.62893110672479
8393,1704068039500000,removed_liquidity,1,7.7828670895659675
8415,1704068041700000,signed_liquidity_delta,-1,49.58211306843843
8434,1704068043600000,imbalance_change,-1,9.40874638189072
8447,1704068044900000,imbalance_change,1,8.321260616861382
8461,1704068046300000,imbalance_change,1,45.33694572294106
8471,1704068047300000,imbalance_change,1,6.63344027720766
8485,1704068048700000,imbalance_change,1,22.533327148845633
8505,1704068050700000,imbalance_change,-1,7.9114583983649425
8518,1704068052000000,signed_liquidity_delta,-1,19.897216580599977
8545,1704068054700000,signed_liquidity_delta,1,32.7177574898469
8562,1704068056400000,removed_liquidity,1,10.926957306531927
8587,1704068058900000,imbalance_change,1,9.739931638955383
8598,1704068060000000,signed_liquidity_delta,1,9.457998422328034
8609,1704068061100000,imbalance_change,-1,8.48842747997933
8677,1704068067900000,imbalance_change,1,13.422080859618248
8696,1704068069800000,imbalance_change,-1,6.260574596948205
8708,1704068071000000,imbalance_change,1,8.653384201763384
8795,1704068079700000,removed_liquidity,1,7.753672526968309
8809,1704068081100000,imbalance_change,-1,14.344474981199836
8825,1704068082700000,imbalance_change,1,8.382048084656706
8841,1704068084300000,imbalance_change,1,14.005004902840232
8874,1704068087600000,signed_liquidity_delta,1,8.525291942866199
8890,1704068089200000,signed_liquidity_delta,-1,45.63115172870469
8907,1704068090900000,imbalance_change,-1,17.58196486980544
8928,1704068093000000,signed_liquidity_delta,-1,41.52369601322231
8944,1704068094600000,signed_liquidity_delta,-1,6.001559309959959
8957,1704068095900000,imbalance_change,-1,7.812179878646112
8983,1704068098500000,imbalance_change,-1,10.509932470097803
8996,1704068099800000,imbalance_change,1,7.932428621321094
9015,1704068101700000,imbalance_change,-1,9.429719448989152
9041,1704068104300000,imbalance_change,1,19.106142425640932
9065,1704068106700000,imbalance_change,-1,19.509584885694927
9075,1704068107700000,imbalance_change,-1,6.288657592454236
9087,1704068108900000,removed_liquidity,1,8.19166234628184
9106,1704068110800000,imbalance_change,1,49.368456257488354
9122,1704068112400000,imbalance_change,1,15.124510914049198
9147,1704068114900000,signed_liquidity_delta,-1,52.131928097302776
9163,1704068116500000,signed_liquidity_delta,1,7.9806915152609665
9173,1704068117500000,imbalance_change,1,10.575634095588178
9185,1704068118700000,imbalance_change,1,9.748888771777876
9199,1704068120100000,removed_liquidity,-1,6.4335286688695295
9226,1704068122800000,imbalance_change,-1,10.004467078209512
9250,1704068125200000,imbalance_change,1,16.79354539105256
9266,1704068126800000,removed_liquidity,-1,8.39713067986952
9279,1704068128100000,signed_liquidity_delta,1,10.69899882201467
9304,1704068130600000,signed_liquidity_delta,-1,22.053709078416098
9324,1704068132600000,removed_liquidity,1,7.118137592767196
9349,1704068135100000,imbalance_change,-1,7.134690203112681
9361,1704068136300000,imbalance_change,1,6.816740903531175
9394,1704068139600000,imbalance_change,1,13.208676688239306
9420,1704068142200000,imbalance_change,-1,10.1132838434703
9442,1704068144400000,signed_liquidity_delta,-1,15.651524166539645
9459,1704068146100000,removed_liquidity,-1,6.5853903606214095
9469,1704068147100000,removed_liquidity,0,8.003682198113296
9491,1704068149300000,signed_liquidity_delta,-1,169.17146348010732
9502,1704068150400000,signed_liquidity_delta,-1,10.194565284184918
9522,1704068152400000,imbalance_change,1,49.852313684166084
9542,1704068154400000,imbalance_change,1,12.303199578027256
9559,1704068156100000,signed_liquidity_delta,1,45.00569587362933
9570,1704068157200000,signed_liquidity_delta,1,36.1945408710623
9580,1704068158200000,imbalance_change,1,9.000141650385775
9597,1704068159900000,signed_liquidity_delta,1,25.168990451652157
9611,1704068161300000,removed_liquidity,-1,11.651860437242254
9622,1704068162400000,imbalance_change,1,22.765629044089504
9644,1704068164600000,imbalance_change,-1,37.49366217202338
9657,1704068165900000,imbalance_change,1,12.721370775637789
9676,1704068167800000,imbalance_change,-1,14.99211012760884
9708,1704068171000000,signed_liquidity_delta,1,6.980170806308059
9728,1704068173000000,removed_liquidity,1,8.770378522957925
9757,1704068175900000,signed_liquidity_delta,1,14.699516714068814
9769,1704068177100000,signed_liquidity_delta,1,19.51537030377332
9781,1704068178300000,imbalance_change,1,9.685849253309318
9794,1704068179600000,signed_liquidity_delta,1,13.432955566343235
9846,1704068184800000,imbalance_change,-1,17.581531157494855
9874,1704068187600000,imbalance_change,-1,10.433936929355992
9885,1704068188700000,removed_liquidity,1,6.071630301216399
9900,1704068190200000,signed_liquidity_delta,-1,40.05682206453849
9919,1704068192100000,signed_liquidity_delta,-1,50.672357219487225
9929,1704068193100000,signed_liquidity_delta,-1,7.2003062281944645
9941,1704068194300000,signed_liquidity_delta,1,6.1705732357684795
9956,1704068195800000,removed_liquidity,-1,7.703385071344713
9983,1704068198500000,imbalance_change,1,9.164764460713204
10003,1704068200500000,removed_liquidity,-1,7.7647364810089865
10016,1704068201800000,imbalance_change,-1,21.483488389915735
10041,1704068204300000,signed_liquidity_delta,1,53.197133148231785
10059,1704068206100000,signed_liquidity_delta,1,62.73442205427246
10080,1704068208200000,signed_liquidity_delta,1,42.098552020138946
10103,1704068210500000,imbalance_change,-1,30.670290859961014
10123,1704068212500000,imbalance_change,-1,10.470024167744583
10140,1704068214200000,removed_liquidity,-1,9.673589764594785
10153,1704068215500000,signed_liquidity_delta,-1,14.744900083035915
10166,1704068216800000,imbalance_change,1,8.75184349143791
10184,1704068218600000,signed_liquidity_delta,1,8.321327606473817
10204,1704068220600000,imbalance_change,-1,32.74044708150575
10226,1704068222800000,imbalance_change,1,11.417529802103141
10251,1704068225300000,imbalance_change,1,29.394124592687
10278,1704068228000000,imbalance_change,1,73.99934796892585
10295,1704068229700000,imbalance_change,-1,16.416609963910737
10305,1704068230700000,signed_liquidity_delta,1,9.355755430172263
10319,1704068232100000,signed_liquidity_delta,1,9.103799485216967
10330,1704068233200000,imbalance_change,-1,11.821976477119488
10349,1704068235100000,signed_liquidity_delta,-1,8.102235480425735
10360,1704068236200000,signed_liquidity_delta,1,6.428267307834557
10376,1704068237800000,imbalance_change,1,51.49780710902553
10405,1704068240700000,imbalance_change,-1,37.90268202457679
10416,1704068241800000,imbalance_change,1,6.106674131489948
10428,1704068243000000,signed_liquidity_delta,-1,6.007297437070743
10439,1704068244100000,imbalance_change,1,63.181464156677976
10449,1704068245100000,imbalance_change,1,9.846898629744558
10463,1704068246500000,imbalance_change,1,22.452884827104008
10497,1704068249900000,imbalance_change,-1,19.089311307812594
10511,1704068251300000,imbalance_change,1,21.71112051626924
10522,1704068252400000,signed_liquidity_delta,-1,11.618664103497451
10538,1704068254000000,imbalance_change,-1,12.278004393833175
10555,1704068255700000,signed_liquidity_delta,1,6.375059220080023
10573,1704068257500000,removed_liquidity,-1,9.020102672708315
10587,1704068258900000,signed_liquidity_delta,1,83.74535694228352
10609,1704068261100000,imbalance_change,-1,8.646291705886842
10631,1704068263300000,signed_liquidity_delta,1,6.367756149211753
10656,1704068265800000,signed_liquidity_delta,-1,7.975475036069345
10681,1704068268300000,signed_liquidity_delta,1,7.129883759107582
10704,1704068270600000,imbalance_change,1,7.9666249717094475
10718,1704068272000000,imbalance_change,1,8.487857149937494
10739,1704068274100000,imbalance_change,-1,7.258686501622326
10749,1704068275100000,imbalance_change,-1,10.746353969216136
10782,1704068278400000,imbalance_change,1,7.317553419023209
10826,1704068282800000,imbalance_change,-1,28.281142287071972
10837,1704068283900000,imbalance_change,-1,10.557675117031684
10853,1704068285500000,signed_liquidity_delta,-1,42.15488999540845
10871,1704068287300000,signed_liquidity_delta,-1,13.27541789475628
10886,1704068288800000,imbalance_change,1,19.886080619248823
10903,1704068290500000,signed_liquidity_delta,1,11.483035644515304
10916,1704068291800000,signed_trade_notional,1,8.038064113442795
10934,1704068293600000,imbalance_change,-1,64.98332190413353
10962,1704068296400000,imbalance_change,1,47.11488569505662
10983,1704068298500000,imbalance_change,-1,25.80466981966772
11023,1704068302500000,imbalance_change,1,9.82348344436608
11052,1704068305400000,imbalance_change,1,9.162985566477847
11076,1704068307800000,imbalance_change,1,19.930626306138503
11103,1704068310500000,imbalance_change,1,8.802477129311717
11119,1704068312100000,imbalance_change,1,14.77470471990372
11143,1704068314500000,imbalance_change,-1,30.85389646908762
11153,1704068315500000,imbalance_change,1,55.99860989432704
11169,1704068317100000,imbalance_change,-1,30.10084294740062
11193,1704068319500000,imbalance_change,1,15.661161555801936
11208,1704068321000000,imbalance_change,1,38.624508347100004
11220,1704068322200000,imbalance_change,1,7.609645095338024
11238,1704068324000000,imbalance_change,-1,31.248195138796135
11253,1704068325500000,imbalance_change,1,15.44115828467744
11267,1704068326900000,signed_liquidity_delta,-1,21.998414398984917
11286,1704068328800000,signed_liquidity_delta,1,37.28687161378774
11297,1704068329900000,imbalance_change,-1,14.634909773405552
11309,1704068331100000,imbalance_change,1,53.71088724301245
11328,1704068333000000,imbalance_change,-1,15.03283201977497
11338,1704068334000000,signed_liquidity_delta,-1,9.006251324333654
11349,1704068335100000,imbalance_change,1,94.68743297342627
11371,1704068337300000,imbalance_change,-1,31.288640257382408
11388,1704068339000000,signed_liquidity_delta,-1,20.37191618703749
11409,1704068341100000,signed_liquidity_delta,-1,25.521102797086577
11429,1704068343100000,signed_liquidity_delta,1,18.436602406946097
11464,1704068346600000,signed_liquidity_delta,-1,29.763665323631933
11501,1704068350300000,signed_liquidity_delta,1,46.95613744337642
11516,1704068351800000,signed_liquidity_delta,1,7.222215440799273
11543,1704068354500000,imbalance_change,-1,7.299474726433657
11556,1704068355800000,imbalance_change,1,38.61292554716576
11585,1704068358700000,imbalance_change,1,13.533447744963263
11601,1704068360300000,signed_liquidity_delta,-1,8.304113225141469
11644,1704068364600000,signed_liquidity_delta,1,9.246209367148222
11660,1704068366200000,removed_liquidity,1,6.380136168079679
11688,1704068369000000,imbalance_change,-1,9.304580640214548
11707,1704068370900000,removed_liquidity,-1,7.470613754398587
11736,1704068373800000,signed_liquidity_delta,1,7.891489721084247
11755,1704068375700000,signed_liquidity_delta,-1,55.80172120860815
11785,1704068378700000,imbalance_change,1,11.087268522941281
11798,1704068380000000,imbalance_change,-1,21.452313651438846
11821,1704068382300000,signed_liquidity_delta,-1,9.585802162522748
11835,1704068383700000,imbalance_change,-1,11.783600317559284
11845,1704068384700000,imbalance_change,1,8.203159851223171
11859,1704068386100000,removed_liquidity,-1,6.531034225124791
11876,1704068387800000,imbalance_change,-1,10.443595052880635
11894,1704068389600000,imbalance_change,1,20.23425920144984
11906,1704068390800000,removed_liquidity,1,6.449517866967025
11924,1704068392600000,signed_liquidity_delta,-1,8.30463487306063
11941,1704068394300000,imbalance_change,-1,19.794492282424393
11980,1704068398200000,signed_liquidity_delta,1,8.773596352387358
11991,1704068399300000,imbalance_change,-1,20.307944049426208
12019,1704068402100000,imbalance_change,1,28.706977149649614
12030,1704068403200000,imbalance_change,1,10.461211816704933
12062,1704068406400000,imbalance_change,1,29.712829159744658
12077,1704068407900000,imbalance_change,-1,15.34087231266741
12124,1704068412600000,signed_liquidity_delta,1,11.729775110278979
12160,1704068416200000,signed_liquidity_delta,1,8.701608939542988
12175,1704068417700000,imbalance_change,1,8.862703646940076
12203,1704068420500000,imbalance_change,1,9.725109841004743
12238,1704068424000000,removed_liquidity,-1,6.1061070096141234
12268,1704068427000000,imbalance_change,-1,25.394291652226585
12286,1704068428800000,imbalance_change,1,6.970661177678862
12310,1704068431200000,imbalance_change,1,9.591417161960852
12332,1704068433400000,removed_liquidity,-1,6.12113257300485
12420,1704068442200000,imbalance_change,1,6.417887960664721
12435,1704068443700000,signed_liquidity_delta,-1,8.35210483370438
12471,1704068447300000,imbalance_change,-1,12.067344990850163
12492,1704068449400000,signed_liquidity_delta,-1,39.936843043131205
12504,1704068450600000,imbalance_change,1,21.61760662860045
12528,1704068453000000,signed_liquidity_delta,1,13.14604921080408
12549,1704068455100000,imbalance_change,1,9.499493618601495
12582,1704068458400000,signed_liquidity_delta,1,9.169527123031392
12601,1704068460300000,signed_liquidity_delta,1,7.606669957221741
12634,1704068463600000,imbalance_change,-1,14.377833372409265
12652,1704068465400000,signed_liquidity_delta,1,6.203958702594854
12662,1704068466400000,signed_liquidity_delta,-1,19.020326428488488
12686,1704068468800000,imbalance_change,-1,18.01377186964188
12706,1704068470800000,imbalance_change,1,13.194935814625637
12730,1704068473200000,imbalance_change,1,6.146232385919977
12741,1704068474300000,imbalance_change,-1,6.417919285055131
12764,1704068476600000,imbalance_change,-1,8.985635263243243
12774,1704068477600000,signed_liquidity_delta,1,23.6984649675342
12820,1704068482200000,signed_liquidity_delta,-1,8.901400092582072
12839,1704068484100000,imbalance_change,1,6.881167728466059
12855,1704068485700000,signed_liquidity_delta,1,27.545618371354685
12877,1704068487900000,imbalance_change,-1,9.597171640447831
12901,1704068490300000,imbalance_change,-1,10.435001118600459
12919,1704068492100000,removed_liquidity,1,7.905213007151266
12965,1704068496700000,imbalance_change,1,22.591047884165956
12976,1704068497800000,imbalance_change,1,8.890179180763527
12990,1704068499200000,imbalance_change,-1,11.81904706151595
13001,1704068500300000,imbalance_change,1,8.821416022289936
13020,1704068502200000,imbalance_change,-1,32.15832153847389
13047,1704068504900000,imbalance_change,1,20.20909233823422
13057,1704068505900000,imbalance_change,-1,10.564946302503024
13079,1704068508100000,imbalance_change,-1,10.244934310158113
13109,1704068511100000,imbalance_change,1,46.79539225372315
13120,1704068512200000,imbalance_change,1,9.676924855053313
13143,1704068514500000,imbalance_change,1,10.99620053196511
13156,1704068515800000,imbalance_change,1,22.754011527232976
13174,1704068517600000,signed_liquidity_delta,-1,8.06624177400355
13226,1704068522800000,imbalance_change,-1,9.11028946156602
13285,1704068528700000,imbalance_change,1,11.829485110193946
13295,1704068529700000,imbalance_change,1,9.95998504879301
13318,1704068532000000,removed_liquidity,1,7.784259006364634
13341,1704068534300000,imbalance_change,-1,11.587510278805471
13412,1704068541400000,removed_liquidity,0,7.266037675169027
13422,1704068542400000,signed_liquidity_delta,1,29.652554316850406
13439,1704068544100000,imbalance_change,1,9.431044525488895
13450,1704068545200000,imbalance_change,1,6.299203719162218
13494,1704068549600000,imbalance_change,-1,12.148930853570388
13524,1704068552600000,imbalance_change,-1,8.340444801149683
13536,1704068553800000,imbalance_change,1,17.184374259977723
13601,1704068560300000,removed_liquidity,-1,8.15818496276521
13621,1704068562300000,signed_liquidity_delta,1,7.725605682790699
13699,1704068570100000,signed_liquidity_delta,1,8.091802522042494
13715,1704068571700000,removed_liquidity,1,7.225457946961768
13738,1704068574000000,imbalance_change,1,21.593503708069335
13791,1704068579300000,imbalance_change,-1,40.307827741932655
13807,1704068580900000,imbalance_change,1,8.973648237446556
13820,1704068582200000,removed_liquidity,1,7.264966969939284
13891,1704068589300000,imbalance_change,1,7.591037238097828
13918,1704068592000000,signed_liquidity_delta,-1,80.34942898853825
13928,1704068593000000,imbalance_change,-1,7.597695784185987
13962,1704068596400000,signed_liquidity_delta,-1,8.094932409557467
14058,1704068606000000,imbalance_change,-1,24.554494824437235
14081,1704068608300000,signed_liquidity_delta,-1,30.91494228122269
14092,1704068609400000,imbalance_change,1,55.080889807607356
14110,1704068611200000,removed_liquidity,1,8.179491996837095
14145,1704068614700000,imbalance_change,-1,8.034337218994473
14166,1704068616800000,signed_liquidity_delta,-1,11.236296178751632
14177,1704068617900000,imbalance_change,-1,7.54153485812265
14197,1704068619900000,signed_liquidity_delta,-1,7.880013466862681
14287,1704068628900000,imbalance_change,-1,16.213540120989414
14299,1704068630100000,removed_liquidity,1,7.813596329659592
14311,1704068631300000,imbalance_change,1,12.527114024189075
14347,1704068634900000,signed_liquidity_delta,1,39.60559661446327
14405,1704068640700000,removed_liquidity,-1,7.629327959620823
14488,1704068649000000,removed_liquidity,-1,10.88534256326925
14504,1704068650600000,imbalance_change,-1,19.65587795882704
14519,1704068652100000,imbalance_change,-1,14.381643834572106
14584,1704068658600000,signed_liquidity_delta,1,18.52893408863779
14609,1704068661100000,signed_liquidity_delta,-1,31.923287708963027
14632,1704068663400000,imbalance_change,-1,9.276968252332066
14643,1704068664500000,imbalance_change,-1,22.164590759817788
14663,1704068666500000,imbalance_change,1,10.390347099870658
14674,1704068667600000,signed_liquidity_delta,-1,7.738646880769752
14699,1704068670100000,imbalance_change,1,8.51665044725161
14725,1704068672700000,imbalance_change,-1,37.02296228074838
14765,1704068676700000,signed_liquidity_delta,-1,10.90296315840705
14823,1704068682500000,signed_liquidity_delta,1,31.289485487181075
14840,1704068684200000,removed_liquidity,-1,10.854827464221573
14874,1704068687600000,imbalance_change,-1,21.686679920343284
14890,1704068689200000,imbalance_change,-1,12.275505187869895
14917,1704068691900000,imbalance_change,1,71.80244912047368
14938,1704068694000000,imbalance_change,1,8.810976513232134
14959,1704068696100000,signed_liquidity_delta,1,51.54455254032625
14976,1704068697800000,signed_liquidity_delta,-1,27.924856408585534
14994,1704068699600000,signed_liquidity_delta,1,31.65568232643287
15005,1704068700700000,signed_liquidity_delta,1,10.01824828750813
15025,1704068702700000,removed_liquidity,-1,12.139745120261809
15047,1704068704900000,imbalance_change,-1,11.754938731376113
15080,1704068708200000,imbalance_change,1,13.500774108693673
15109,1704068711100000,imbalance_change,-1,8.375644016756496
15129,1704068713100000,imbalance_change,-1,20.959341902517455
15154,1704068715600000,imbalance_change,1,18.367994760098835
15174,1704068717600000,imbalance_change,-1,11.911991746112077
15237,1704068723900000,imbalance_change,1,26.016171225538425
15309,1704068731100000,signed_liquidity_delta,1,62.876831936203715
15344,1704068734600000,imbalance_change,-1,13.371043243853071
15362,1704068736400000,imbalance_change,1,56.569054513746124
15383,1704068738500000,signed_liquidity_delta,1,28.765231206355676
15425,1704068742700000,signed_liquidity_delta,-1,100.22890953988671
15462,1704068746400000,imbalance_change,1,31.971622909377853
15475,1704068747700000,signed_liquidity_delta,1,6.159096981546914
15496,1704068749800000,imbalance_change,-1,16.482995985322397
15518,1704068752000000,imbalance_change,1,11.555197602951797
15528,1704068753000000,signed_liquidity_delta,-1,6.360974726262646
15547,1704068754900000,removed_liquidity,-1,8.16896339541129
15560,1704068756200000,signed_liquidity_delta,1,32.827303552870944
15580,1704068758200000,signed_liquidity_delta,1,15.895655392707509
15594,1704068759600000,signed_liquidity_delta,-1,34.87164174806722
15606,1704068760800000,imbalance_change,-1,18.096047451517418
15630,1704068763200000,imbalance_change,1,76.052604574677
15648,1704068765000000,imbalance_change,-1,23.53137507806299
15658,1704068766000000,imbalance_change,1,21.457281191218122
15675,1704068767700000,imbalance_change,-1,9.647758427188416
15685,1704068768700000,removed_liquidity,1,7.548061432683331
15714,1704068771600000,signed_liquidity_delta,1,37.536740967066386
15727,1704068772900000,signed_liquidity_delta,-1,20.433992289417777
15737,1704068773900000,imbalance_change,-1,8.468480468944138
15751,1704068775300000,imbalance_change,1,35.63976959285986
15770,1704068777200000,imbalance_change,1,12.346167574305088
15790,1704068779200000,imbalance_change,-1,18.271053067217295
15811,1704068781300000,imbalance_change,1,78.09181578483874
15836,1704068783800000,signed_liquidity_delta,1,22.887824101156294
15856,1704068785800000,imbalance_change,1,15.947175673760341
15871,1704068787300000,imbalance_change,1,8.804490256714738
15890,1704068789200000,imbalance_change,1,36.04713536364921
15903,1704068790500000,imbalance_change,1,6.70603159589289
15924,1704068792600000,imbalance_change,1,16.970857170819247
15945,1704068794700000,imbalance_change,-1,29.52010933217974
15985,1704068798700000,signed_liquidity_delta,1,15.15074216414403
16006,1704068800800000,signed_liquidity_delta,-1,60.34318799283339
16027,1704068802900000,imbalance_change,1,36.62415873543435
16040,1704068804200000,imbalance_change,-1,35.47905976890426
16070,1704068807200000,imbalance_change,-1,14.381874318597065
16082,1704068808400000,removed_liquidity,-1,9.76527782243511
16110,1704068811200000,imbalance_change,-1,6.9442962000881785
16136,1704068813800000,imbalance_change,1,11.548362461081572
16148,1704068815000000,signed_liquidity_delta,1,6.579545204391566
16186,1704068818800000,signed_liquidity_delta,1,41.424061260662356
16204,1704068820600000,imbalance_change,-1,56.38371521239173
16232,1704068823400000,imbalance_change,-1,32.23922179466707
16248,1704068825000000,imbalance_change,1,71.91016343973698
16264,1704068826600000,imbalance_change,-1,59.124094409534266
16282,1704068828400000,signed_liquidity_delta,1,62.50646191359862
16296,1704068829800000,signed_liquidity_delta,-1,29.805918805084065
16308,1704068831000000,signed_liquidity_delta,1,14.812714312526989
16326,1704068832800000,imbalance_change,-1,9.662699368303912
16379,1704068838100000,signed_liquidity_delta,-1,29.09908587461942
16390,1704068839200000,imbalance_change,1,49.689079406234846
16400,1704068840200000,signed_liquidity_delta,-1,25.99684569936241
16416,1704068841800000,imbalance_change,1,65.66284308358775
16426,1704068842800000,imbalance_change,-1,9.73438660810882
16451,1704068845300000,imbalance_change,-1,47.28543811105928
16479,1704068848100000,imbalance_change,1,17.725168839687054
16497,1704068849900000,imbalance_change,-1,26.589066820547796
16516,1704068851800000,imbalance_change,1,49.72837114335945
16539,1704068854100000,imbalance_change,1,9.009915090637081
16567,1704068856900000,signed_liquidity_delta,-1,17.566493677783715
16596,1704068859800000,imbalance_change,-1,9.25112515371358
16608,1704068861000000,signed_liquidity_delta,-1,7.727692274467348
16621,1704068862300000,imbalance_change,1,8.46192504592719
16633,1704068863500000,imbalance_change,1,8.047090111745241
16655,1704068865700000,signed_liquidity_delta,-1,82.73335997910904
16672,1704068867400000,signed_liquidity_delta,1,32.335911213020246
16693,1704068869500000,signed_liquidity_delta,1,9.614492798076663
16707,1704068870900000,imbalance_change,1,9.950387239843446
16717,1704068871900000,imbalance_change,-1,6.610993210401771
16734,1704068873600000,removed_liquidity,1,6.436098361420912
16751,1704068875300000,imbalance_change,1,31.336152862788204
16762,1704068876400000,signed_liquidity_delta,-1,6.302028511397329
16780,1704068878200000,imbalance_change,1,44.53364964905619
16794,1704068879600000,signed_liquidity_delta,1,17.586837946631036
16814,1704068881600000,imbalance_change,-1,8.948156164231351
16829,1704068883100000,removed_liquidity,-1,12.947306694708296
16849,1704068885100000,imbalance_change,-1,6.147922799372826
16886,1704068888800000,signed_liquidity_delta,1,35.08290915532787
16900,1704068890200000,imbalance_change,1,15.569296971930958
16911,1704068891300000,imbalance_change,-1,6.0877839388139625
16940,1704068894200000,imbalance_change,-1,10.655919309304206
16960,1704068896200000,imbalance_change,1,10.209637800707142
16971,1704068897300000,imbalance_change,-1,17.990892006435352
16998,1704068900000000,imbalance_change,-1,22.24099984899463
17014,1704068901600000,imbalance_change,1,60.97469285927835
17055,1704068905700000,imbalance_change,1,8.793252119947734
17078,1704068908000000,signed_liquidity_delta,1,6.271251284166765
17111,1704068911300000,signed_liquidity_delta,-1,55.40526879004496
17123,1704068912500000,signed_liquidity_delta,-1,6.547203033403516
17135,1704068913700000,signed_liquidity_delta,1,21.365655473041286
17150,1704068915200000,removed_liquidity,-1,8.14515804913667
17204,1704068920600000,imbalance_change,1,16.769243680096235
17218,1704068922000000,imbalance_change,-1,21.418705176686146
17237,1704068923900000,imbalance_change,1,37.57676850123224
17250,1704068925200000,signed_liquidity_delta,-1,10.397486324738976
17270,1704068927200000,signed_liquidity_delta,-1,7.073024135918913
17281,1704068928300000,imbalance_change,-1,16.29708279690443
17309,1704068931100000,imbalance_change,-1,13.010469384184415
17320,1704068932200000,removed_liquidity,-1,7.461334309074148
17347,1704068934900000,imbalance_change,-1,10.404353001960548
17375,1704068937700000,signed_liquidity_delta,1,8.246731954033637
17429,1704068943100000,imbalance_change,1,9.732239472611214
17480,1704068948200000,imbalance_change,1,6.8564010184439645
17509,1704068951100000,removed_liquidity,1,7.38310144695426
17581,1704068958300000,signed_liquidity_delta,1,7.752209726667966
17596,1704068959800000,imbalance_change,1,7.819826696093966
17627,1704068962900000,signed_liquidity_delta,-1,49.62175831029475
17637,1704068963900000,imbalance_change,1,10.317866822747943
17651,1704068965300000,imbalance_change,-1,9.655605618417777
17706,1704068970800000,signed_liquidity_delta,1,41.57220926970439
17723,1704068972500000,imbalance_change,1,9.236648709115853
17737,1704068973900000,imbalance_change,-1,6.920969663555765
17747,1704068974900000,signed_liquidity_delta,-1,6.1074538375498655
17772,1704068977400000,imbalance_change,1,7.165574946310271
17815,1704068981700000,signed_liquidity_delta,1,30.74645000333333
17832,1704068983400000,signed_liquidity_delta,1,6.42409412448126
17851,1704068985300000,signed_liquidity_delta,-1,32.71671419400858
17862,1704068986400000,removed_liquidity,-1,6.553983007215615
