idx,t_ms,kind,direction,score,spread,depth,imbalance,signed_flow
5285,1704067205323,bbo_imbalance,1,30.715881523276217,0.10000000000582077,0.006,0.0,0.0
5495,1704067205533,top_depth,1,11.233694364266755,0.09999999999854481,1.207,-0.9966859983421733,0.0
5839,1704067205877,top_depth,-1,6.761140845548215,0.09999999999854481,25.39,-0.9762111067348966,0.0
5939,1704067205977,top_depth,1,17.92072857256525,0.09999999999854481,4.54,-0.9889867841407511,-19883.505400000002
6065,1704067206103,top_depth,-1,18.414772820896737,0.09999999999854481,35.431000000000004,-0.9506646721797026,0.0
6184,1704067206222,top_depth,1,17.63011430884084,0.09999999999854481,3.3280000000000003,-0.9236778846151069,-39594.5476
7093,1704067207131,top_depth,1,27.98905973929715,0.09999999999854481,1.79,-0.97765363128437,0.0
7283,1704067207321,top_depth,1,26.826602684399543,0.09999999999854481,2.6479999999999997,-0.8126888217519591,-46653.3454
7463,1704067207501,top_depth,1,14.92449551356666,0.09999999999854481,2.8049999999999997,-0.7112299465238107,-7655.4859
8605,1704067208643,bbo_imbalance,1,7.464452517485227,0.09999999999854481,9.655000000000001,-0.013775245986534046,0.0
10621,1704067210659,bbo_imbalance,1,6.198973480804574,0.09999999999854481,11.798,0.08848957450414578,0.0
10844,1704067210882,bbo_imbalance,-1,23.263466873812916,0.09999999999854481,9.198,-0.680147858229976,0.0
12077,1704067212115,bbo_imbalance,1,10.165121449165262,0.09999999999854481,8.581999999999999,-0.39920764390580293,0.0
12420,1704067212458,bbo_imbalance,-1,8.873364627397585,0.09999999999854481,3.943,-0.7260968805476221,0.0
12578,1704067212616,top_depth,-1,8.265069660321988,0.09999999999854481,18.548,-0.8289842570627115,0.0
12928,1704067212966,top_depth,1,20.329920818840534,0.09999999999854481,3.472,-0.9596774193545624,-69319.0981
13314,1704067213352,bbo_imbalance,1,6.589001549180356,0.09999999999854481,14.175,-0.38299823633154256,0.0
13621,1704067213659,bbo_imbalance,-1,10.55152283055684,0.09999999999854481,7.097,0.41524587854016975,0.0
13793,1704067213831,bbo_imbalance,1,10.876656388272865,0.09999999999854481,5.9910000000000005,0.6881989651142233,0.0
13970,1704067214008,bbo_imbalance,-1,9.270164703317146,0.09999999999854481,7.5920000000000005,0.6037934668070858,-253.7376
14155,1704067214193,bbo_imbalance,-1,12.550869876526322,0.09999999999854481,7.859,0.41748314034859174,0.0
14259,1704067214297,bbo_imbalance,-1,6.635004430991353,0.09999999999854481,8.996,0.547354379724261,0.0
14513,1704067214551,bbo_imbalance,-1,27.121488662384028,0.09999999999854481,2.16,0.11111111111105966,36717.337
14650,1704067214688,bbo_imbalance,-1,7.688064077235629,0.09999999999854481,10.394,-0.48604964402535245,0.0
15595,1704067215633,top_depth,1,30.867594021487356,0.09999999999854481,2.33,-0.40085836909854033,0.0
17031,1704067217069,trade_flow,1,41.93718355344208,0.09999999999854481,16.715,-0.6860305115165608,530473.0131
17158,1704067217196,top_depth,1,26.813525042531943,0.20000000000436557,4.095,0.46568986568975196,19162.478
17393,1704067217431,top_depth,-1,7.80735219495606,0.09999999999854481,19.849,0.6811930072043588,1142.1459
18336,1704067218374,bbo_imbalance,-1,9.172864055520137,0.09999999999854481,6.556,-0.926174496644154,0.0
19404,1704067219442,bbo_imbalance,-1,6.843995892112759,0.09999999999854481,7.981,-0.9621601303093645,0.0
19622,1704067219660,bbo_imbalance,1,6.78556661510723,0.09999999999854481,9.091000000000001,-0.7437025629742884,0.0
20197,1704067220235,bbo_imbalance,1,6.580918720615962,0.09999999999854481,9.408,-0.7621173469386945,0.0
20415,1704067220453,top_depth,1,29.033818017386377,0.09999999999854481,3.6759999999999997,-0.9749727965176892,-888.2971
21090,1704067221128,top_depth,-1,8.270881945596475,0.09999999999854481,29.34,-0.8740286298568211,0.0
26813,1704067226851,bbo_imbalance,1,7.079588758662032,0.09999999999854481,12.717,0.5892112919713306,0.0
27210,1704067227248,bbo_imbalance,-1,46.24485157419148,0.10000000000582077,9.855,-0.7390157280567491,423013.0
28986,1704067229024,bbo_imbalance,-1,27.342197129834748,0.09999999999854481,6.214,-0.547795300933288,0.0
29121,1704067229159,bbo_imbalance,1,37.93012460750194,0.10000000000582077,0.368,0.28260869565140595,0.0
29320,1704067229358,top_depth,1,28.911760026622126,0.09999999999854481,2.9370000000000003,0.7977528089884923,0.0
29561,1704067229599,top_depth,1,26.265717155411448,0.09999999999854481,3.028,0.9834874504620266,0.0
29679,1704067229717,top_depth,1,26.41974271518538,0.09999999999854481,5.146999999999999,0.9953370895665447,169.23239999999998
30079,1704067230117,top_depth,1,29.44358412923778,0.09999999999854481,2.52,0.9841269841265936,2327.031
30189,1704067230227,top_depth,1,38.67494621644341,0.10000000000582077,3.534,0.9886813808712539,1861.6579000000002
30306,1704067230344,bbo_imbalance,-1,27.423527236376508,0.09999999999854481,1.366,0.0775988286968685,0.0
31635,1704067231673,top_depth,1,25.457809502257614,0.10000000000582077,5.505,0.8746594005448003,0.0
31832,1704067231870,top_depth,1,33.0428417854645,0.09999999999854481,0.663,0.9879336349909684,0.0
32031,1704067232069,top_depth,1,35.47528317283775,0.09999999999854481,4.156,0.9518768046195978,0.0
32211,1704067232249,top_depth,1,35.46365860228877,0.09999999999854481,0.604,0.9900662251639237,0.0
34255,1704067234293,bbo_imbalance,-1,40.73841883058416,0.09999999999854481,3.83,-0.39477806788501435,0.0
34616,1704067234654,top_depth,1,36.095744625889346,0.09999999999854481,0.764,0.9659685863861702,0.0
34716,1704067234754,top_depth,-1,6.950040116969074,0.09999999999854481,20.865000000000002,0.7288281811645948,0.0
37840,1704067237878,top_depth,1,22.86407719851732,0.09999999999854481,4.518,-0.9986719787514389,-253.935
37968,1704067238006,top_depth,-1,16.514155536139143,0.09999999999854481,27.847,-0.9968398750313859,0.0
38599,1704067238637,trade_flow,1,8.94995401661456,0.09999999999854481,19.584,-0.6902573529411412,113210.0125
38951,1704067238989,trade_flow,1,15.129604509581696,0.09999999999854481,11.471,-0.25568825734458583,191377.823
39162,1704067239200,bbo_imbalance,1,12.13377745759397,0.09999999999854481,6.2170000000000005,0.6027022679748105,0.0
39327,1704067239365,top_depth,-1,13.58621682911579,0.10000000000582077,11.764,0.9976198571913468,0.0
40011,1704067240049,bbo_imbalance,-1,7.389417090081208,0.10000000000582077,13.414000000000001,0.29342478008049105,0.0
42057,1704067242095,top_depth,-1,21.838208847570183,0.09999999999854481,25.319,-0.9956554366285796,0.0
43081,1704067243119,bbo_imbalance,1,6.863860903933683,0.09999999999854481,8.576,0.21338619402982587,0.0
44309,1704067244347,bbo_imbalance,-1,7.460143308790647,0.09999999999854481,9.341999999999999,-0.11025476343394243,0.0
44867,1704067244905,top_depth,-1,15.069802645428863,0.09999999999854481,12.280000000000001,-0.9447882736155582,0.0
47445,1704067247483,bbo_imbalance,1,6.047465748090783,0.09999999999854481,10.83,0.260387811634325,0.0
48695,1704067248733,top_depth,1,20.656861865530487,0.10000000000582077,0.897,0.6878483834997906,0.0
48797,1704067248835,top_depth,-1,22.304644740847845,0.10000000000582077,45.949,0.9941674465167687,0.0
48903,1704067248941,top_depth,1,36.37328124774615,0.09999999999854481,0.604,0.9900662251639237,0.0
49147,1704067249185,top_depth,1,20.49847709180069,0.09999999999854481,8.101,0.9582767559559365,21288.5617
50595,1704067250633,trade_flow,1,61.48950084388223,0.09999999999854481,11.594000000000001,0.3061928583749951,777794.7402
52596,1704067252634,bbo_imbalance,1,9.534367693143228,0.09999999999854481,8.626,0.3208903315557245,62179.9789
53838,1704067253876,bbo_imbalance,1,7.183661674817321,0.09999999999854481,8.079,0.8046787968807024,0.0
54072,1704067254110,trade_flow,1,91.18327582426895,0.09999999999854481,8.191,0.8080820412647041,1153398.0819
54201,1704067254239,top_depth,1,38.74324056841864,0.5999999999985448,1.542,-0.9636835278852375,0.0
54643,1704067254681,top_depth,-1,8.113950243185302,0.09999999999854481,17.794,-0.5917725075867939,0.0
55933,1704067255971,bbo_imbalance,-1,26.055022631146876,0.09999999999854481,1.98,-0.9919191919186909,0.0
58181,1704067258219,bbo_imbalance,-1,6.634369324231988,0.09999999999854481,17.092,-0.5129885326468224,0.0
59195,1704067259233,trade_flow,1,24.424001472691504,0.09999999999854481,13.951,-0.22141781951113024,308944.77300000004
60104,1704067260142,bbo_imbalance,-1,6.932785591279688,0.09999999999854481,14.381,0.3159029274737281,0.0
60915,1704067260953,bbo_imbalance,-1,7.680325516541026,0.09999999999854481,15.788,0.13769951862172927,-5926.452000000001
64855,1704067264893,bbo_imbalance,-1,34.56650666449395,0.09999999999854481,1.311,-0.1746758199846112,0.0
65063,1704067265101,top_depth,1,25.886465541251106,0.10000000000582077,0.107,0.943925233636038,0.0
65937,1704067265975,top_depth,-1,13.939313159540939,0.09999999999854481,20.914,0.9468298747250192,0.0
66275,1704067266313,top_depth,1,14.301127917877817,0.09999999999854481,3.144,0.985368956742689,0.0
66725,1704067266763,bbo_imbalance,-1,6.782745175101789,0.09999999999854481,18.052,0.6723908708176008,-3471.5602
67261,1704067267299,bbo_imbalance,-1,9.848766655089051,0.09999999999854481,16.625,0.4529924812029803,0.0
68045,1704067268083,top_depth,-1,14.386859125676516,0.09999999999854481,18.142999999999997,0.9671498649616402,0.0
68233,1704067268271,top_depth,1,16.393550616693513,0.09999999999854481,9.099,0.7252445323661144,3132.901
68477,1704067268515,bbo_imbalance,-1,7.689006378866605,0.09999999999854481,22.651000000000003,0.62818418612862,0.0
68590,1704067268628,bbo_imbalance,-1,6.0175982654906,0.09999999999854481,20.43,0.6851688693098049,0.0
69069,1704067269107,top_depth,1,25.02334117798963,0.09999999999854481,1.4009999999999998,0.9871520342605374,0.0
69247,1704067269285,top_depth,1,19.33311389426584,0.09999999999854481,5.151,0.36866627839247357,2116.88
69406,1704067269444,top_depth,1,6.248206670074643,0.09999999999854481,24.275,0.8735324407826623,0.0
69842,1704067269880,top_depth,1,29.195108933753417,0.3000000000029104,2.4139999999999997,0.9884009942000878,846.7660000000001
70094,1704067270132,bbo_imbalance,-1,36.738241556730635,0.09999999999854481,2.026,-0.25863770977282396,23371.1283
70307,1704067270345,bbo_imbalance,-1,20.498443738214398,0.09999999999854481,10.501999999999999,0.2898495524661693,254.03910000000002
70552,1704067270590,top_depth,-1,6.94858704565045,0.09999999999854481,25.819,0.7046361206862891,0.0
70862,1704067270900,bbo_imbalance,-1,6.650172491875641,0.09999999999854481,24.249,0.3656645634871391,0.0
73172,1704067273210,bbo_imbalance,-1,34.759723349658394,0.10000000000582077,0.921,-0.4549402823013519,0.0
74010,1704067274048,top_depth,1,16.68561795173654,0.09999999999854481,3.306,0.4519056261341645,36033.025
74275,1704067274313,trade_flow,1,25.65823436894768,0.10000000000582077,3.526,0.3613159387406803,324556.8668
74648,1704067274686,bbo_imbalance,-1,10.048609638098387,0.10000000000582077,11.911999999999999,-0.15580926796506422,0.0
74758,1704067274796,trade_flow,1,22.51609691580414,0.10000000000582077,4.454000000000001,0.6578356533451598,284811.25249999994
75244,1704067275282,top_depth,1,18.326135470460788,0.10000000000582077,1.965,0.6804071246815875,147151.10229999997
76552,1704067276590,bbo_imbalance,-1,31.360910274807356,0.09999999999854481,3.324,-0.9855595667867071,-19140.1385
76753,1704067276791,top_depth,-1,14.808249808076905,0.09999999999854481,32.014,-0.8625601299431228,0.0
77276,1704067277314,trade_flow,1,7.542025782506951,0.09999999999854481,17.334999999999997,-0.9186616671473369,95400.8067
80356,1704067280394,top_depth,-1,6.094181110300702,0.09999999999854481,21.842999999999996,-0.5814677471043089,0.0
81525,1704067281563,top_depth,1,21.07389333397501,0.10000000000582077,6.246,-0.9843099583732012,0.0
82115,1704067282153,top_depth,-1,9.062805814245477,0.10000000000582077,23.01,-0.8526727509777987,0.0
82705,1704067282743,top_depth,1,33.391578901933784,0.09999999999854481,0.924,-0.6839826839819437,-102255.2055
82810,1704067282848,top_depth,-1,17.625755094884976,0.09999999999854481,40.046,-0.9986515507166508,0.0
82974,1704067283012,top_depth,-1,25.23694266182706,0.09999999999854481,46.458,-0.9355116449265803,0.0
83347,1704067283385,trade_flow,1,23.42874131889011,0.09999999999854481,10.979,-0.8686583477547255,296355.5
83459,1704067283497,bbo_imbalance,1,16.077880273768464,0.09999999999854481,6.771,0.5944469059222279,139668.1135
83954,1704067283992,bbo_imbalance,-1,7.1601599279494845,0.09999999999854481,9.751999999999999,0.027686628383918457,0.0
84297,1704067284335,bbo_imbalance,-1,6.566965157367914,0.09999999999854481,8.503,-0.282841350111692,0.0
85760,1704067285798,bbo_imbalance,-1,8.90612559067937,0.09999999999854481,9.955,-0.5306880964338995,0.0
86816,1704067286854,bbo_imbalance,1,7.1027699409709815,0.09999999999854481,10.118,-0.3127100217433966,0.0
87228,1704067287266,bbo_imbalance,-1,6.560289488128399,0.09999999999854481,14.425,-0.19584055459270738,0.0
87450,1704067287488,bbo_imbalance,-1,6.5355273104812595,0.09999999999854481,11.629999999999999,-0.5124677558039112,0.0
88089,1704067288127,bbo_imbalance,1,6.56716792247644,0.09999999999854481,13.556000000000001,-0.24889347890231267,0.0
88306,1704067288344,trade_flow,1,14.234633832748523,0.09999999999854481,13.77,-0.2614379084967131,180057.13450000001
88930,1704067288968,bbo_imbalance,1,9.377558071071203,0.09999999999854481,8.154,0.36767230806961393,0.0
89264,1704067289302,bbo_imbalance,1,13.361971333942124,0.09999999999854481,6.050000000000001,0.89322314049572,0.0
89372,1704067289410,top_depth,1,30.749895244678967,0.09999999999854481,0.5429999999999999,0.7384898710851963,4445.353499999999
91261,1704067291299,top_depth,1,23.134348463781016,0.09999999999854481,7.709999999999999,0.7540856031127428,0.0
91831,1704067291869,bbo_imbalance,-1,6.056725056425229,0.09999999999854481,29.407,0.7319685789097586,0.0
92496,1704067292534,top_depth,1,31.902180800346226,0.10000000000582077,4.417999999999999,0.9162516976005171,39165.70250000001
93026,1704067293064,top_depth,1,23.717030062548442,0.10000000000582077,3.966,0.8951084215832336,36075.1728
93492,1704067293530,top_depth,1,23.087850181585118,0.09999999999854481,5.374,0.7882396724970621,7917.927300000001
93762,1704067293800,bbo_imbalance,-1,8.122340187498178,0.09999999999854481,22.088,0.678105758783019,0.0
93884,1704067293922,bbo_imbalance,-1,8.267277584206507,0.09999999999854481,21.891000000000002,0.6910145721985889,0.0
95300,1704067295338,top_depth,1,25.35900065259131,0.09999999999854481,2.415,0.6496894409935198,14143.214
95573,1704067295611,bbo_imbalance,-1,7.763614537431173,0.09999999999854481,14.25,0.4567017543859328,0.0
96370,1704067296408,bbo_imbalance,-1,17.632424746383453,0.09999999999854481,4.566,0.4266316250546591,16599.9064
96884,1704067296922,bbo_imbalance,-1,8.16340784124599,0.09999999999854481,15.797999999999998,0.12533232054689672,0.0
97303,1704067297341,bbo_imbalance,-1,6.084388122029626,0.09999999999854481,13.692,0.054484370435286734,-3472.4212
98058,1704067298096,top_depth,1,13.265088067700326,0.19999999999708962,1.614,-0.9925650557614667,0.0
102789,1704067302827,bbo_imbalance,1,7.366761006981977,0.09999999999854481,9.961,-0.5944182311012353,0.0
103985,1704067304023,bbo_imbalance,1,6.9446826603811385,0.09999999999854481,9.4,-0.5370212765956875,0.0
104161,1704067304199,bbo_imbalance,1,6.996601368519785,0.09999999999854481,9.364,-0.5121742844937514,2879.5212
104368,1704067304406,top_depth,-1,9.918664820913838,0.10000000000582077,9.068,-0.984340538156045,0.0
104976,1704067305014,top_depth,-1,11.458920418653168,0.10000000000582077,23.616,-0.808350271002676,0.0
106147,1704067306185,trade_flow,1,9.246342616953976,0.10000000000582077,14.077,-0.4703416921218676,116959.0996
107146,1704067307184,bbo_imbalance,1,6.540129589350012,0.10000000000582077,10.424000000000001,-0.6293169608594945,1100.9908
107740,1704067307778,bbo_imbalance,1,8.41589747472441,0.10000000000582077,9.756,-0.5375153751536964,0.0
108703,1704067308741,bbo_imbalance,1,10.031047486903873,0.10000000000582077,8.516,0.6474870831375472,0.0
110521,1704067310559,trade_flow,1,46.786907747994675,0.10000000000582077,13.184999999999999,0.8715206674250382,591818.2821000001
110832,1704067310870,trade_flow,-1,6.452020015584085,0.09999999999854481,11.843,0.29781305412477427,-81613.0748
110974,1704067311012,bbo_imbalance,1,6.578152833031853,0.09999999999854481,13.797,0.3160832064941425,0.0
111987,1704067312025,trade_flow,1,16.831545625996245,0.09999999999854481,9.26,0.37365010799132037,212906.0649
112097,1704067312135,bbo_imbalance,-1,7.2178075496627905,0.09999999999854481,9.327,0.7538329580786155,0.0
113176,1704067313214,bbo_imbalance,-1,6.084851850910487,0.09999999999854481,10.948,0.6054073803433864,-974.1052
113355,1704067313393,bbo_imbalance,-1,6.765990875156078,0.09999999999854481,10.347,0.6008504880641152,-21176.2
114164,1704067314202,bbo_imbalance,-1,38.001199204539674,0.09999999999854481,8.697,-0.3050477176037364,0.0
114480,1704067314518,top_depth,-1,6.5489924330294,0.09999999999854481,29.448,0.6955990220048665,50527.2483
114925,1704067314963,trade_flow,1,10.53367434097361,0.09999999999854481,28.697,0.69669303411504,133242.85259999998
117539,1704067317577,bbo_imbalance,-1,6.411439343410806,0.09999999999854481,14.748,0.4983726606997221,0.0
118469,1704067318507,top_depth,1,22.878607911703543,1.0,2.064,-0.9922480620150231,0.0
119457,1704067319495,top_depth,1,20.020416627974047,0.09999999999854481,5.021,-0.8378809002189129,0.0
120363,1704067320401,top_depth,-1,23.99747282704249,0.10000000000582077,31.243000000000002,-0.9709374899977284,0.0
122041,1704067322079,top_depth,1,33.773736658731366,0.10000000000582077,1.7510000000000001,-0.9908623643626551,0.0
122509,1704067322547,top_depth,-1,24.988467466342705,0.10000000000582077,35.057,-0.9930969563852868,0.0
123043,1704067323081,top_depth,1,8.346441654164824,0.10000000000582077,13.294,-0.4590040619828149,0.0
124560,1704067324598,bbo_imbalance,-1,15.54123493258782,0.09999999999854481,2.4019999999999997,-0.975020815986272,0.0
125587,1704067325625,bbo_imbalance,1,6.140050440238028,0.09999999999854481,13.849,-0.4406816376633374,0.0
127738,1704067327776,bbo_imbalance,1,6.599363603813459,0.09999999999854481,8.709999999999999,0.2987370838116764,0.0
128960,1704067328998,top_depth,-1,22.650475714679885,0.09999999999854481,21.854,0.9894756108721064,0.0
131961,1704067331999,bbo_imbalance,1,8.606762310823555,0.09999999999854481,13.986,0.9438009438008762,0.0
132517,1704067332555,top_depth,1,20.219487398625265,0.09999999999854481,0.48,0.9874999999979427,7623.0
132617,1704067332655,trade_flow,1,166.22710326556268,0.09999999999854481,12.643,0.950486435181448,2102644.5949999997
132812,1704067332850,top_depth,1,25.813811975319997,0.5,1.431,-0.9972047519210361,-1821.8863999999999
132966,1704067333004,trade_flow,-1,21.22493458659036,0.09999999999854481,21.829,-0.4960831920839024,-268479.0453
133096,1704067333134,bbo_imbalance,1,34.64994814720658,0.09999999999854481,2.659,0.1297480255734751,-137763.7216
133316,1704067333354,top_depth,-1,15.148268496634453,0.09999999999854481,21.79,-0.7612666360715576,0.0
134187,1704067334225,top_depth,1,23.250594169270773,0.09999999999854481,0.733,-0.9863574351964716,-10801.800000000001
134652,1704067334690,top_depth,1,31.707469243650877,0.09999999999854481,1.4829999999999999,-0.7599460552928119,-8471.681
137686,1704067337724,trade_flow,1,6.2418336930252725,0.09999999999854481,14.519,-0.4436255940491464,78954.38
139377,1704067339415,top_depth,1,25.781844406310316,0.09999999999854481,2.218,-0.9819657348958601,0.0
139807,1704067339845,top_depth,1,25.19480359358703,0.09999999999854481,0.10400000000000001,-0.9230769230680472,0.0
141230,1704067341268,bbo_imbalance,1,6.316333423672578,0.09999999999854481,18.286,-0.5564913048233318,0.0
141846,1704067341884,bbo_imbalance,1,6.2267816149650175,0.09999999999854481,15.259,-0.25552133167309427,0.0
143768,1704067343806,bbo_imbalance,-1,9.025687404315628,0.09999999999854481,9.253,-0.19766562196042392,0.0
144513,1704067344551,bbo_imbalance,1,9.253539341176086,0.09999999999854481,9.247,0.3303774197036519,30534.422099999996
145262,1704067345300,bbo_imbalance,1,17.328750766273888,0.09999999999854481,4.522,0.8359133126933135,0.0
145427,1704067345465,bbo_imbalance,-1,7.971402241241061,0.09999999999854481,8.094,0.6466518408697002,0.0
145659,1704067345697,bbo_imbalance,1,6.078154682017573,0.09999999999854481,7.539,0.6585754078789416,10036.973699999999
146126,1704067346164,bbo_imbalance,-1,7.740455654391013,0.09999999999854481,8.359,0.6595286517525231,0.0
146297,1704067346335,bbo_imbalance,1,8.085205355610167,0.09999999999854481,6.913,0.913496311297423,0.0
146767,1704067346805,top_depth,1,67.92381878898586,0.09999999999854481,1.5039999999999998,0.9960106382972101,0.0
147642,1704067347680,top_depth,1,30.021906514049338,0.10000000000582077,4.582,0.7389786119596816,0.0
147960,1704067347998,top_depth,-1,24.995732822935814,0.10000000000582077,37.857,0.9211242306574496,0.0
149810,1704067349848,trade_flow,1,9.351666891144639,0.10000000000582077,18.055,0.6240376626972792,118291.37040000001
155634,1704067355672,bbo_imbalance,1,6.142902695748069,0.10000000000582077,15.374,0.18238584623388954,0.0
158639,1704067358677,bbo_imbalance,1,6.364878540030034,0.10000000000582077,11.145,0.24970838941227014,0.0
158749,1704067358787,bbo_imbalance,1,16.965102272286348,0.10000000000582077,8.007,0.915823654302371,0.0
159025,1704067359063,top_depth,-1,19.64843037040681,0.09999999999854481,23.198999999999998,0.9968102073364803,0.0
159252,1704067359290,bbo_imbalance,-1,27.565043487500006,0.09999999999854481,1.334,0.10344827586199142,0.0
161007,1704067361045,bbo_imbalance,-1,8.723907253558245,0.09999999999854481,10.926,-0.725791689547801,0.0
161492,1704067361530,bbo_imbalance,1,9.088560131281236,0.09999999999854481,15.441,-0.20380804352048418,0.0
162031,1704067362069,bbo_imbalance,1,8.648727031944324,0.09999999999854481,12.816,-0.4083957553058358,0.0
162146,1704067362184,trade_flow,1,6.101551618554855,0.09999999999854481,8.922,-0.20757677650748618,77179.92
162700,1704067362738,bbo_imbalance,1,29.096769923025967,0.09999999999854481,0.023,-0.0434782608676749,0.0
162855,1704067362893,top_depth,1,21.87017641657987,0.19999999999708962,2.669,-0.9977519670284758,0.0
162982,1704067363020,top_depth,-1,10.848630464831926,0.10000000000582077,29.008,-0.9238830667401778,0.0
165270,1704067365308,bbo_imbalance,1,6.814694711525416,0.10000000000582077,15.556999999999999,-0.20897345246511484,0.0
165439,1704067365477,top_depth,1,23.40752587168196,0.09999999999854481,1.546,-0.7464424320823115,0.0
165641,1704067365679,top_depth,-1,14.176163784476326,0.09999999999854481,23.782,-0.8080060549995455,0.0
166082,1704067366120,bbo_imbalance,1,9.882352435387606,0.09999999999854481,5.927,-0.21950396490632365,0.0
168177,1704067368215,bbo_imbalance,-1,9.715533959336966,0.09999999999854481,5.507,0.25839840203372827,0.0
169206,1704067369244,top_depth,1,19.764676075896578,0.09999999999854481,0.9390000000000001,0.9936102236411144,0.0
169675,1704067369713,top_depth,-1,25.113431599744196,0.09999999999854481,26.631,0.9149862941684159,0.0
169777,1704067369815,top_depth,-1,14.20667828216739,0.09999999999854481,15.848,0.931726400807614,0.0
170774,1704067370812,trade_flow,-1,6.706880612514295,0.09999999999854481,11.559999999999999,0.5217993079584324,-84836.8647
171000,1704067371038,top_depth,-1,6.097087252937955,0.09999999999854481,16.178,0.4917789590802021,0.0
172515,1704067372553,bbo_imbalance,-1,6.773992991031787,0.09999999999854481,9.099,0.7606330365973446,0.0
172871,1704067372909,bbo_imbalance,1,6.859736489672011,0.09999999999854481,7.995,0.9804878048779261,0.0
173350,1704067373388,bbo_imbalance,-1,6.266797859456888,0.09999999999854481,9.834,0.7785234899328066,0.0
173710,1704067373748,bbo_imbalance,-1,6.717094207807697,0.09999999999854481,13.13,0.14623000761613508,0.0
176244,1704067376282,bbo_imbalance,1,11.26498667191986,0.09999999999854481,7.438000000000001,0.6622748050550332,0.0
176405,1704067376443,top_depth,1,19.950669204680192,0.09999999999854481,4.992,0.763621794871642,0.0
176524,1704067376562,top_depth,-1,17.316250904018492,0.09999999999854481,36.295,0.9678192588510546,0.0
177440,1704067377478,top_depth,1,22.271224100519543,0.6999999999970896,2.423,0.9810152703256371,74673.45989999999
179711,1704067379749,top_depth,1,13.263634996381704,0.09999999999854481,5.7,0.6666666666665496,635.4022
180434,1704067380472,top_depth,1,34.846103291874414,0.09999999999854481,0.531,0.6986817325787219,0.0
180690,1704067380728,top_depth,-1,7.410663724972249,0.09999999999854481,19.288,0.9802986312732797,0.0
182594,1704067382632,bbo_imbalance,-1,35.163510435839214,0.09999999999854481,3.665,-0.1787175989085461,0.0
184318,1704067384356,top_depth,1,31.9138053708952,0.10000000000582077,1.79,0.3407821229048375,64054.001899999996
185053,1704067385091,top_depth,-1,26.44299185628333,0.09999999999854481,34.22,0.9931618936294275,0.0
185387,1704067385425,top_depth,1,33.833312582794875,0.19999999999708962,1.367,0.9941477688361418,0.0
185701,1704067385739,top_depth,-1,13.058751940455998,0.10000000000582077,27.059,0.9561698510661534,0.0
185947,1704067385985,bbo_imbalance,-1,7.305382428220624,0.10000000000582077,11.776,-0.5682744565216908,0.0
188518,1704067388556,top_depth,1,13.077641867598087,0.09999999999854481,20.661,0.9469531968442501,0.0
188723,1704067388761,top_depth,1,23.916100833199657,0.09999999999854481,1.311,0.906941266208309,16862.3795
189753,1704067389791,top_depth,-1,8.14301166955774,0.09999999999854481,24.233,0.9918293236495279,5423.168
190342,1704067390380,top_depth,1,19.76031686194071,0.09999999999854481,4.63,0.6907127429804124,35166.343
190984,1704067391022,top_depth,-1,16.413893615154223,0.09999999999854481,19.585,0.9694664283890239,0.0
191200,1704067391238,top_depth,1,18.00064749508946,0.09999999999854481,3.918,0.9979581419088825,9024.789799999999
191301,1704067391339,top_depth,-1,19.423204316020406,0.09999999999854481,28.588,0.9592836155029747,0.0
192446,1704067392484,top_depth,1,25.44473186039001,0.09999999999854481,2.411,0.9908751555367105,265283.30039999995
192583,1704067392621,top_depth,-1,20.62053508256494,0.09999999999854481,17.052,0.9459300961763464,0.0
192963,1704067393001,bbo_imbalance,-1,29.35646708210972,0.09999999999854481,1.6400000000000001,-0.07682926829263607,0.0
193963,1704067394001,trade_flow,1,6.291104745806739,0.09999999999854481,13.591000000000001,0.7713192553895393,79577.62079999999
194201,1704067394239,top_depth,1,8.87100040018737,0.09999999999854481,7.971,0.8012796386901517,0.0
194304,1704067394342,top_depth,1,14.583023753690489,0.10000000000582077,5.641,0.46002481829454717,0.0
194419,1704067394457,top_depth,-1,13.041315084632537,0.10000000000582077,20.957,0.9164956816337779,0.0
194769,1704067394807,top_depth,1,28.464214060486547,0.09999999999854481,5.346,0.8013468013466516,0.0
194990,1704067395028,trade_flow,1,32.03370079805217,0.10000000000582077,20.637,0.9471822454813709,405201.59779999993
195218,1704067395256,bbo_imbalance,1,10.089640523884674,0.09999999999854481,10.433,0.8798044665962924,55895.7906
197024,1704067397062,top_depth,1,20.101788621816883,0.09999999999854481,0.091,0.9340659340556695,0.0
197915,1704067397953,top_depth,-1,19.761769933259334,0.09999999999854481,16.649,0.9220373596011219,0.0
198247,1704067398285,bbo_imbalance,-1,10.155251660444478,0.09999999999854481,8.314,0.03560259802741927,0.0
199249,1704067399287,top_depth,1,44.235850152809846,0.09999999999854481,0.797,-0.8996235884555839,-1695.02
199363,1704067399401,top_depth,1,8.318833299111008,0.09999999999854481,18.544999999999998,-0.8712321380425523,0.0
199974,1704067400012,top_depth,-1,25.886465541251106,0.09999999999854481,39.877,-0.9998495373272562,0.0
200222,1704067400260,trade_flow,1,8.009771530646086,0.09999999999854481,22.961,-0.8280562693262128,101317.4295
201583,1704067401621,trade_flow,1,27.469730887201127,0.09999999999854481,5.7509999999999994,0.1375412971656864,347470.89999999997
201948,1704067401986,bbo_imbalance,-1,19.144122649984656,0.09999999999854481,1.8719999999999999,0.3707264957262977,0.0
202101,1704067402139,top_depth,1,11.447295848104197,0.09999999999854481,19.482,0.9901447489990253,0.0
202543,1704067402581,bbo_imbalance,-1,6.053715240037048,0.09999999999854481,8.35,0.5140119760478427,0.0
203747,1704067403785,top_depth,-1,19.157292264712574,0.09999999999854481,21.561999999999998,0.9623411557369002,0.0
204086,1704067404124,top_depth,1,17.77106222674718,0.10000000000582077,1.8039999999999998,0.996674057649115,0.0
204263,1704067404301,top_depth,-1,16.111654780880844,0.09999999999854481,20.895,0.9980856664273273,0.0
204410,1704067404448,top_depth,-1,14.77192302511135,0.09999999999854481,13.145000000000001,0.9119056675541336,0.0
204721,1704067404759,bbo_imbalance,-1,12.532064194487239,0.09999999999854481,6.993,0.2563992563992197,0.0
204824,1704067404862,bbo_imbalance,1,11.01452479198211,0.09999999999854481,9.668,0.3911874224244527,0.0
205016,1704067405054,bbo_imbalance,1,24.049004886032964,0.09999999999854481,20.526999999999997,0.8443026258098679,0.0
205238,1704067405276,bbo_imbalance,-1,9.613315239006011,0.09999999999854481,6.991,0.5047918752681297,0.0
205635,1704067405673,bbo_imbalance,1,8.887001857926832,0.09999999999854481,7.502,0.5718475073313021,0.0
205986,1704067406024,bbo_imbalance,1,14.634814712921676,0.09999999999854481,14.168,0.7492941840767399,0.0
206180,1704067406218,top_depth,-1,7.784103053858105,0.09999999999854481,19.479,0.7644642948816281,0.0
209139,1704067409177,top_depth,1,14.583023753690489,0.10000000000582077,4.17,0.8772182254194539,45048.0771
209499,1704067409537,top_depth,1,23.61095585628904,0.09999999999854481,2.801,0.7136736879683278,123787.3403
210753,1704067410791,bbo_imbalance,-1,29.810239590275394,0.09999999999854481,0.6479999999999999,-0.06481481481471478,0.0
211434,1704067411472,top_depth,1,7.471692720354371,0.09999999999854481,11.813,0.9642766443747596,0.0
211612,1704067411650,bbo_imbalance,-1,29.207323374631557,0.09999999999854481,11.265,0.011984021304925681,273218.6359
211926,1704067411964,bbo_imbalance,-1,39.594906784408735,0.19999999999708962,0.22199999999999998,-0.28828828828698966,13011.207600000003
212987,1704067413025,bbo_imbalance,1,10.965076466064609,0.09999999999854481,6.891,0.42736903207075505,29967.609900000003
213176,1704067413214,bbo_imbalance,-1,7.948339181616403,0.09999999999854481,7.127000000000001,0.2496141433983093,-2670.3747000000003
213432,1704067413470,bbo_imbalance,1,9.6900592371768,0.09999999999854481,6.489,0.3163815688087045,762.9659999999999
213599,1704067413637,bbo_imbalance,-1,7.783318634143404,0.09999999999854481,6.168,0.16504539559011588,0.0
213874,1704067413912,bbo_imbalance,-1,6.633005174216075,0.09999999999854481,7.535,0.1360318513603005,-127.1607
213979,1704067414017,bbo_imbalance,-1,24.240013454924085,0.09999999999854481,8.567,-0.43971051710045056,0.0
214584,1704067414622,trade_flow,1,76.337138620947,0.09999999999854481,12.608,-0.017449238578678798,965605.9016
214828,1704067414866,bbo_imbalance,1,6.5811184269906775,0.09999999999854481,9.161,-0.566859513153524,0.0
214988,1704067415026,top_depth,-1,15.231093561795905,0.10000000000582077,13.017999999999999,-0.9791058534336321,0.0
215729,1704067415767,bbo_imbalance,1,11.244240576231784,0.10000000000582077,3.311,0.19661733615216048,0.0
216020,1704067416058,bbo_imbalance,1,14.897532232426109,0.10000000000582077,1.566,-0.34355044699850346,0.0
216348,1704067416386,bbo_imbalance,1,6.130637905336851,0.10000000000582077,7.327999999999999,0.027019650655018143,2712.9792
216800,1704067416838,trade_flow,1,142.69797635316968,0.10000000000582077,5.917,-0.14483691059656167,1805019.2946999997
216925,1704067416963,top_depth,1,28.108211587424158,0.9000000000014552,2.921,0.9726121191369487,0.0
217109,1704067417147,top_depth,-1,14.333095486887503,0.09999999999854481,12.239999999999998,0.9830065359476322,0.0
218041,1704067418079,bbo_imbalance,-1,37.77375594819976,0.4000000000014552,2.435,-0.9712525667347139,-69283.519
218304,1704067418342,top_depth,1,17.32932854588609,0.09999999999854481,0.797,-0.8996235884555839,-20223.464399999997
218421,1704067418459,top_depth,-1,22.30900395480371,0.09999999999854481,32.507,-0.9972928907619591,0.0
218609,1704067418647,top_depth,1,15.988143718797973,0.09999999999854481,1.623,-0.8213185459021433,0.0
220251,1704067420289,trade_flow,1,16.147988271465476,0.09999999999854481,10.985,-0.19162494310421557,204259.59179999997
220665,1704067420703,bbo_imbalance,-1,7.61029011978624,0.09999999999854481,6.179,0.0033986081890267856,0.0
221192,1704067421230,top_depth,1,22.819031987640038,0.10000000000582077,1.594,0.8544542032616972,0.0
221377,1704067421415,trade_flow,-1,17.526031520645024,0.09999999999854481,10.123000000000001,0.8160624320852694,-221690.77560000002
221626,1704067421664,top_depth,1,18.43075660540157,0.09999999999854481,0.47600000000000003,-0.8991596638636572,0.0
223128,1704067423166,bbo_imbalance,1,14.898258276543954,0.09999999999854481,4.971,0.5747334540332781,0.0
223428,1704067423466,bbo_imbalance,-1,11.585947831008287,0.09999999999854481,5.365,0.4594594594593738,0.0
223887,1704067423925,bbo_imbalance,-1,30.71921200543739,0.09999999999854481,3.0300000000000002,-0.5346534653463582,0.0
224501,1704067424539,bbo_imbalance,1,9.60431805340752,0.09999999999854481,5.282,-0.18629307080647742,0.0
224946,1704067424984,trade_flow,1,50.34114907311678,0.09999999999854481,5.291,0.13664713664711087,636776.6924
225148,1704067425186,bbo_imbalance,1,7.259997241214823,0.09999999999854481,8.499,-0.5865395928932126,0.0
225333,1704067425371,top_depth,1,17.646098093345685,0.19999999999708962,2.783,-0.9978440531796628,-466.356
225929,1704067425967,bbo_imbalance,-1,11.084110570935227,0.09999999999854481,10.350000000000001,-0.3029951690820963,0.0
226096,1704067426134,bbo_imbalance,1,6.119120322172407,0.09999999999854481,8.620000000000001,-0.23109048723895229,0.0
226845,1704067426883,bbo_imbalance,-1,8.12719262232433,0.09999999999854481,5.411,-0.3084457586397508,-50238.075000000004
230726,1704067430764,bbo_imbalance,1,8.629624743953107,0.09999999999854481,5.754,-0.27354883559258375,49941.4278
230937,1704067430975,bbo_imbalance,-1,7.041066617702599,0.09999999999854481,5.354,-0.34217407545753786,0.0
231828,1704067431866,bbo_imbalance,-1,6.220199641246551,0.09999999999854481,7.081,-0.772066092359727,-24504.309999999998
232147,1704067432185,bbo_imbalance,1,8.216633396942491,0.09999999999854481,7.083,-0.0828744882111982,0.0
232427,1704067432465,bbo_imbalance,1,20.146463870469393,0.09999999999854481,1.917,0.7736045905055953,189721.2089
233549,1704067433587,bbo_imbalance,-1,12.472344320504796,0.10000000000582077,3.939,-0.9974612845897443,-72286.8743
233814,1704067433852,top_depth,1,15.202032135423465,0.09999999999854481,3.472,-0.9752304147462628,0.0
234063,1704067434101,bbo_imbalance,1,39.54616068605626,0.09999999999854481,1.7719999999999998,0.5801354401802595,352412.6616
235667,1704067435705,top_depth,-1,15.32118398355047,0.09999999999854481,12.15,0.9660905349793444,0.0
235997,1704067436035,bbo_imbalance,-1,18.92182645581269,0.10000000000582077,3.2430000000000003,0.37465309898230814,2459.3115
236526,1704067436564,top_depth,1,21.870176416579866,0.10000000000582077,3.626,0.9862107004961428,0.0
236784,1704067436822,bbo_imbalance,-1,32.104382502304766,0.09999999999854481,2.802,-0.06995003568876881,11957.6178
238226,1704067438264,top_depth,1,20.9213208455197,0.09999999999854481,1.514,0.8494055482160834,86588.51340000003
238914,1704067438952,bbo_imbalance,-1,26.32877528683968,0.10000000000582077,2.933,0.1442209341970187,0.0
239084,1704067439122,bbo_imbalance,-1,32.03046757758504,0.10000000000582077,7.652,-0.10036591740720066,0.0
239206,1704067439244,trade_flow,1,6.875857804868919,0.10000000000582077,21.197,0.6027739774496106,86974.2958
240503,1704067440541,trade_flow,1,61.86307594677712,2.3999999999941792,3.287,-0.9744447824761259,782520.1770000001
240627,1704067440665,top_depth,1,17.923634715202493,0.2999999999956344,0.258,-0.9379844961203955,-16371.688199999999
240763,1704067440801,bbo_imbalance,1,12.481613523181128,0.09999999999854481,6.489,-0.08799506857757924,101535.7644
241036,1704067441074,top_depth,1,29.926003807020294,0.10000000000582077,0.624,-0.9262820512805668,0.0
241189,1704067441227,top_depth,-1,15.886428726494431,0.10000000000582077,33.389,-0.7488394381382865,0.0
241296,1704067441334,bbo_imbalance,-1,8.840240441793114,0.10000000000582077,8.093,-0.44940071666867054,-85879.64249999999
241546,1704067441584,bbo_imbalance,-1,7.304440031981498,0.10000000000582077,7.025,-0.9453380782916804,0.0
241747,1704067441785,bbo_imbalance,1,14.76569392913764,0.10000000000582077,4.668,-0.14567266495283937,0.0
241987,1704067442025,trade_flow,1,324.8229821853088,0.10000000000582077,6.305,0.3103885804916241,4108760.0902999993
242121,1704067442159,top_depth,1,8.891343398648079,0.5999999999985448,2.7079999999999997,-0.9963072378135169,-7339.0579
242223,1704067442261,bbo_imbalance,1,21.6806332886238,0.6000000000058208,0.965,-0.24352331606192382,0.0
242360,1704067442398,bbo_imbalance,-1,10.479836202681389,0.09999999999854481,8.286,-0.30750663770211106,0.0
242845,1704067442883,bbo_imbalance,-1,12.844261741577103,0.09999999999854481,5.369,-0.20730117340282972,0.0
242982,1704067443020,bbo_imbalance,1,12.354877926154128,0.09999999999854481,7.977,0.24934185784126237,0.0
243145,1704067443183,bbo_imbalance,-1,9.163609618508518,0.09999999999854481,6.063,0.06580900544283923,0.0
243516,1704067443554,bbo_imbalance,1,10.459533963765331,0.09999999999854481,9.088,0.2295334507042001,0.0
244072,1704067444110,trade_flow,1,46.22050182384963,0.09999999999854481,8.959,0.6816608996539032,584653.6841999999
244308,1704067444346,top_depth,-1,9.76028004718404,0.09999999999854481,14.818,-0.7235794304224104,3266.3788
244650,1704067444688,bbo_imbalance,-1,18.602889752720653,0.09999999999854481,7.282,0.121120571271612,0.0
244849,1704067444887,bbo_imbalance,-1,8.840923941362517,0.09999999999854481,5.3340000000000005,0.5140607424071026,0.0
244957,1704067444995,bbo_imbalance,-1,9.622580063698932,0.09999999999854481,5.451,0.4701889561547477,-4963.1868
245236,1704067445274,bbo_imbalance,-1,9.277346304564182,0.09999999999854481,4.821,0.45778884048943,0.0
245454,1704067445492,bbo_imbalance,-1,8.651675247618362,0.09999999999854481,3.989,0.07696164452241745,0.0
245854,1704067445892,trade_flow,1,29.801860932910877,0.09999999999854481,6.304,0.4546319796953593,376970.5456
246013,1704067446051,bbo_imbalance,-1,20.154761254481258,0.09999999999854481,1.762,-0.5175936435865394,0.0
246260,1704067446298,bbo_imbalance,-1,9.655625018417897,0.09999999999854481,3.949,0.23423651557350358,0.0
246443,1704067446481,bbo_imbalance,-1,9.25506115801681,0.09999999999854481,4.103,0.23031927857659512,-806.0654999999999
247409,1704067447447,bbo_imbalance,-1,48.76572384110798,0.19999999999708962,1.422,-0.9957805907165994,-109582.4835
247617,1704067447655,bbo_imbalance,1,29.051152839603745,0.10000000000582077,2.613,0.14810562571750935,176350.83029999997
248846,1704067448884,top_depth,-1,10.46937885067158,0.09999999999854481,10.202,0.9960792001567345,0.0
250248,1704067450286,top_depth,1,16.9936690712844,0.09999999999854481,0.528,0.9848484848466197,0.0
250494,1704067450532,bbo_imbalance,-1,27.024708103918325,0.09999999999854481,1.234,0.04538087520255645,0.0
250605,1704067450643,top_depth,1,7.96137775472999,0.10000000000582077,21.116,0.9909073688198053,0.0
250989,1704067451027,top_depth,-1,14.558321541273912,0.09999999999854481,14.914,0.9806892852352835,0.0
251938,1704067451976,top_depth,1,17.88876100355556,0.09999999999854481,1.892,0.718816067652897,19091.3718
252554,1704067452592,bbo_imbalance,-1,34.42486423894161,0.09999999999854481,4.221,-0.9488272921106495,-171609.10760000002
252675,1704067452713,top_depth,1,25.870481756746262,0.09999999999854481,2.5949999999999998,-0.49210019267803773,0.0
253167,1704067453205,top_depth,1,13.762038458669053,0.09999999999854481,2.1580000000000004,0.9379054680255151,10309.062100000001
253639,1704067453677,trade_flow,1,88.19602200343012,0.09999999999854481,15.017,0.7877072650995014,1115611.62604
253814,1704067453852,top_depth,-1,11.875951887097683,0.09999999999854481,14.899999999999999,-0.6779865771811626,-1569.9248
254175,1704067454213,bbo_imbalance,1,15.174909921683193,0.09999999999854481,4.361,0.0988305434533137,152580.078
254315,1704067454353,bbo_imbalance,1,25.760657787607723,0.10000000000582077,1.272,0.5786163522008029,219536.8773
254547,1704067454585,trade_flow,-1,19.26156775343017,0.09999999999854481,10.809000000000001,0.42806920159122686,-243643.96980000002
254793,1704067454831,top_depth,-1,6.085462682388975,0.10000000000582077,16.276,-0.7907348242811018,0.0
254989,1704067455027,trade_flow,-1,36.688197946142424,2.099999999998545,2.662,-0.27723516153257804,-464077.39530000003
255319,1704067455357,top_depth,-1,25.95475989322634,0.09999999999854481,23.73,-0.9998314369995366,0.0
255455,1704067455493,bbo_imbalance,-1,9.94329044907589,0.09999999999854481,8.039,-0.31160592113443075,-763.6679999999999
255831,1704067455869,bbo_imbalance,1,31.359425724280303,0.09999999999854481,0.21,0.01904761904752836,0.0
256666,1704067456704,bbo_imbalance,-1,11.608378477551366,0.09999999999854481,6.771,-0.690739920248015,0.0
256815,1704067456853,bbo_imbalance,-1,6.22334263403884,0.09999999999854481,8.231,-0.6775604422305094,0.0
257235,1704067457273,bbo_imbalance,-1,25.45855659427959,0.09999999999854481,5.111,-0.9671297202111199,0.0
258250,1704067458288,bbo_imbalance,-1,6.281128703386336,0.09999999999854481,8.116999999999999,-0.8169274362448175,0.0
258581,1704067458619,bbo_imbalance,1,6.396321903914434,0.09999999999854481,9.884,-0.6594496155402004,0.0
260112,1704067460150,top_depth,-1,18.253481904529682,0.09999999999854481,18.116999999999997,-0.8631119942594877,0.0
261751,1704067461789,bbo_imbalance,-1,6.054178916049212,0.09999999999854481,7.553,-0.24586257116374347,0.0
261954,1704067461992,bbo_imbalance,-1,6.38796705213614,0.09999999999854481,7.3629999999999995,-0.2867037892163131,0.0
262267,1704067462305,bbo_imbalance,1,19.702096185469852,0.09999999999854481,1.804,0.7738359201769547,8908.3041
264248,1704067464286,bbo_imbalance,1,52.61449842292893,0.20000000000436557,0.474,0.9873417721498158,0.0
264380,1704067464418,top_depth,-1,18.361009182107715,0.10000000000582077,18.702,-0.842262859587165,0.0
265229,1704067465267,bbo_imbalance,-1,10.245584813946943,0.10000000000582077,7.681,-0.41075380809785045,0.0
265516,1704067465554,bbo_imbalance,-1,30.322680517733968,0.09999999999854481,0.404,-0.9851485148490468,0.0
265641,1704067465679,top_depth,-1,18.888474070767497,0.09999999999854481,19.854999999999997,-0.9564845127171517,0.0
270414,1704067470452,bbo_imbalance,1,6.305385208744477,0.09999999999854481,12.83,-0.33359314107557797,0.0
270829,1704067470867,top_depth,1,24.848972619754985,0.09999999999854481,3.109,0.8494692827272919,0.0
270946,1704067470984,top_depth,-1,12.34238778037535,0.10000000000582077,32.405,0.7979324178367289,0.0
272260,1704067472298,top_depth,1,27.095420878344612,0.3000000000029104,3.343,0.7935985641636873,339.45279999999997
273275,1704067473313,bbo_imbalance,1,6.867547369451515,0.10000000000582077,14.584,0.39015359297858,3224.8168
274997,1704067475035,bbo_imbalance,1,6.115644130281695,0.10000000000582077,9.620000000000001,0.31268191268188017,42431.8
276568,1704067476606,trade_flow,-1,19.952501739726166,0.10000000000582077,9.573,0.6467147184789881,-252383.7516
276679,1704067476717,top_depth,1,26.014335817289844,0.7999999999956344,1.758,-0.5449374288961633,0.0
277548,1704067477586,bbo_imbalance,-1,6.891224910958126,0.09999999999854481,11.526,-0.2463994447336243,-3648.8768
278078,1704067478116,bbo_imbalance,-1,9.435814844343543,0.09999999999854481,8.957,-0.5505191470357764,0.0
278530,1704067478568,trade_flow,1,15.969669181226653,0.09999999999854481,4.981,-0.052800642441266234,202003.9929
279147,1704067479185,bbo_imbalance,-1,6.515032720426091,0.09999999999854481,6.267,0.5043880644645757,0.0
279348,1704067479386,bbo_imbalance,-1,11.005419917027645,0.09999999999854481,7.0920000000000005,-0.29554427523966503,0.0
279544,1704067479582,bbo_imbalance,1,16.26963716966734,0.09999999999854481,4.133,0.5635131865471658,0.0
279743,1704067479781,trade_flow,-1,39.508764211519136,0.09999999999854481,5.348,0.5426327599101454,-499755.38219999993
279906,1704067479944,trade_flow,-1,20.325451089037394,0.09999999999854481,8.066999999999998,-0.9980166108837243,-257101.27310000002
280115,1704067480153,bbo_imbalance,-1,7.503155073282738,0.09999999999854481,6.324999999999999,-0.3562055335967816,0.0
280264,1704067480302,bbo_imbalance,1,10.132346998110338,0.09999999999854481,6.273,0.010999521759921721,0.0
280957,1704067480995,bbo_imbalance,1,9.894497335227824,0.09999999999854481,9.47,0.274128827877479,0.0
281183,1704067481221,bbo_imbalance,1,34.22081984769328,0.10000000000582077,14.904,0.2286634460547351,0.0
281433,1704067481471,top_depth,1,21.42117737912567,0.10000000000582077,3.9269999999999996,-0.9745352686526676,-1612.0815999999998
281580,1704067481618,bbo_imbalance,1,6.85826756016167,0.10000000000582077,8.39,0.09225268176399377,0.0
281776,1704067481814,bbo_imbalance,-1,9.51331477476967,0.10000000000582077,11.303999999999998,-0.21709129511675362,0.0003000000000241698
282276,1704067482314,bbo_imbalance,-1,17.800663598769905,0.10000000000582077,4.8309999999999995,-0.49948250879724704,0.0
282619,1704067482657,bbo_imbalance,1,9.47877644569307,0.10000000000582077,7.095,-0.012825933756164533,0.0
282936,1704067482974,bbo_imbalance,1,10.129248388936915,0.10000000000582077,6.53,0.21745788667684263,0.0
283549,1704067483587,bbo_imbalance,1,6.324987549863425,0.10000000000582077,7.615,0.19527248850949505,2121.1400000000003
283693,1704067483731,bbo_imbalance,1,9.484627516375161,0.10000000000582077,8.213999999999999,0.2690528366203715,0.0
284003,1704067484041,bbo_imbalance,1,7.7276163090657235,0.10000000000582077,5.028,0.3639618138424097,0.0
284184,1704067484222,bbo_imbalance,-1,6.792022365038251,0.10000000000582077,5.914999999999999,-0.10633981403210375,0.0
284352,1704067484390,bbo_imbalance,-1,6.631011513861269,0.10000000000582077,6.337,-0.2700015780337273,0.0
284502,1704067484540,bbo_imbalance,1,15.62155173016762,0.10000000000582077,6.984,0.10337915234820977,0.0
284986,1704067485024,bbo_imbalance,-1,12.945242862504182,0.10000000000582077,5.509,-0.5327645670719673,0.0
285161,1704067485199,bbo_imbalance,1,9.517619163531688,0.10000000000582077,7.075,-0.2197879858656934,0.0
286016,1704067486054,top_depth,1,32.98181279008238,0.09999999999854481,0.079,0.9240506328996955,0.0
287784,1704067487822,bbo_imbalance,-1,35.14886162715514,0.09999999999854481,0.656,-0.3902439024384295,0.0
288304,1704067488342,bbo_imbalance,1,6.311183566530741,0.10000000000582077,12.375,0.33478787878785177,0.0
288412,1704067488450,trade_flow,-1,6.363765944667556,0.10000000000582077,12.376999999999999,0.4105195119980277,-80496.7289
288564,1704067488602,bbo_imbalance,1,6.4068769405366375,0.10000000000582077,7.156000000000001,-0.13135830072664456,0.0
288950,1704067488988,bbo_imbalance,1,6.922473706831708,0.10000000000582077,8.645,-0.11902834008095789,4370.6814
290139,1704067490177,top_depth,1,27.22910343965784,0.09999999999854481,2.3689999999999998,-0.7534824820596229,0.0
292157,1704067492195,top_depth,1,16.12327935142982,0.09999999999854481,0.903,-0.6766334440745552,-2079.1876
292412,1704067492450,trade_flow,1,33.54544535666363,0.09999999999854481,5.504,-0.24382267441856037,424324.0
292895,1704067492933,bbo_imbalance,-1,11.542248058934883,0.09999999999854481,11.802,-0.03507880020335237,0.0
293526,1704067493564,bbo_imbalance,1,13.5309980734001,0.09999999999854481,6.2940000000000005,-0.2888465204956643,0.0
293658,1704067493696,bbo_imbalance,-1,6.625406860814968,0.09999999999854481,9.73,-0.6943473792393942,0.0
294337,1704067494375,top_depth,1,12.608299831683178,0.09999999999854481,0.768,-0.9713541666654019,0.0
