source,target,hour_utc,n_impulses,response_500ms
ETHUSDT,BTCUSDT,0,24,6.37512851039704e-05
ETHUSDT,BTCUSDT,1,35,4.729992918524965e-05
ETHUSDT,BTCUSDT,2,25,3.715678617119745e-05
ETHUSDT,BTCUSDT,3,38,3.770243529573012e-05
ETHUSDT,BTCUSDT,4,117,3.579256403206401e-05
ETHUSDT,BTCUSDT,5,97,0.00016689790779728255
ETHUSDT,BTCUSDT,6,33,4.5874269856481184e-05
ETHUSDT,BTCUSDT,7,40,1.4776650144963667e-05
ETHUSDT,BTCUSDT,8,51,3.875505713299141e-05
ETHUSDT,BTCUSDT,9,37,4.1701443676945795e-05
ETHUSDT,BTCUSDT,10,29,6.364941177106081e-05
ETHUSDT,BTCUSDT,11,37,2.9041172521421687e-05
ETHUSDT,BTCUSDT,12,41,7.556762213237245e-05
ETHUSDT,BTCUSDT,13,38,3.328265016164429e-05
ETHUSDT,BTCUSDT,14,66,5.766928702354829e-05
ETHUSDT,BTCUSDT,15,125,7.770989904530677e-05
ETHUSDT,BTCUSDT,16,214,2.4215925566720127e-05
ETHUSDT,BTCUSDT,17,116,0.00010738332885755918
ETHUSDT,BTCUSDT,18,52,5.486710296192464e-05
ETHUSDT,BTCUSDT,19,189,9.782583559787275e-06
ETHUSDT,BTCUSDT,20,128,5.873316524770346e-05
ETHUSDT,BTCUSDT,21,162,6.679775140913739e-05
ETHUSDT,BTCUSDT,22,122,4.7697984058784885e-05
ETHUSDT,BTCUSDT,23,58,5.333177722787417e-05
ETHUSDT,SOLUSDT,0,24,6.533908311903945e-05
ETHUSDT,SOLUSDT,1,35,5.068623254198968e-05
ETHUSDT,SOLUSDT,2,25,3.0319964699429544e-05
ETHUSDT,SOLUSDT,3,38,3.784702518938781e-05
ETHUSDT,SOLUSDT,4,117,7.93043347732117e-05
ETHUSDT,SOLUSDT,5,97,3.1794534613344446e-05
ETHUSDT,SOLUSDT,6,33,6.809153228242256e-05
ETHUSDT,SOLUSDT,7,40,6.631148096152928e-05
ETHUSDT,SOLUSDT,8,51,5.205809828320919e-05
ETHUSDT,SOLUSDT,9,37,4.938014165369692e-05
ETHUSDT,SOLUSDT,10,29,7.367744018389908e-05
ETHUSDT,SOLUSDT,11,37,2.9559737427284373e-05
ETHUSDT,SOLUSDT,12,41,4.342080342250523e-05
ETHUSDT,SOLUSDT,13,38,5.57204877544919e-05
ETHUSDT,SOLUSDT,14,66,9.501638785819653e-05
ETHUSDT,SOLUSDT,15,125,6.362821258601281e-05
ETHUSDT,SOLUSDT,16,214,0.00011305534576150025
ETHUSDT,SOLUSDT,17,116,0.00012804387312522145
ETHUSDT,SOLUSDT,18,52,0.00016185029758129167
ETHUSDT,SOLUSDT,19,189,0.0003112546237633656
ETHUSDT,SOLUSDT,20,128,8.191186767842154e-05
ETHUSDT,SOLUSDT,21,162,0.00011160148704458986
ETHUSDT,SOLUSDT,22,122,0.00010100773931389694
ETHUSDT,SOLUSDT,23,58,3.2903274060338564e-05
SOLUSDT,BTCUSDT,0,30,1.3237535467066783e-05
SOLUSDT,BTCUSDT,1,32,4.639485782763795e-06
SOLUSDT,BTCUSDT,2,44,3.0041169971635104e-05
SOLUSDT,BTCUSDT,3,23,3.807387454062163e-05
SOLUSDT,BTCUSDT,4,44,8.433612510901555e-06
SOLUSDT,BTCUSDT,5,55,-4.43964352474115e-05
SOLUSDT,BTCUSDT,6,28,1.0948678128621466e-05
SOLUSDT,BTCUSDT,7,27,-1.1154473550978533e-05
SOLUSDT,BTCUSDT,8,36,4.9435176185284044e-05
SOLUSDT,BTCUSDT,9,26,8.706873837072569e-06
SOLUSDT,BTCUSDT,10,44,1.3756117111290865e-05
SOLUSDT,BTCUSDT,11,19,1.563638932477543e-05
SOLUSDT,BTCUSDT,12,20,1.6939956953016986e-05
SOLUSDT,BTCUSDT,13,40,2.2149734371786866e-05
SOLUSDT,BTCUSDT,14,117,3.033790657587456e-05
SOLUSDT,BTCUSDT,15,177,1.620845569550316e-05
SOLUSDT,BTCUSDT,16,147,7.549094900419074e-05
SOLUSDT,BTCUSDT,17,101,7.304214353086482e-05
SOLUSDT,BTCUSDT,18,42,-9.112769676543865e-06
SOLUSDT,BTCUSDT,19,205,-3.74276090382018e-05
SOLUSDT,BTCUSDT,20,141,2.3697000265486143e-05
SOLUSDT,BTCUSDT,21,93,3.4035160255117135e-05
SOLUSDT,BTCUSDT,22,53,1.2618161910398199e-05
SOLUSDT,BTCUSDT,23,59,4.712041947039026e-06
SOLUSDT,ETHUSDT,0,30,2.7892098744221567e-05
SOLUSDT,ETHUSDT,1,32,4.602812510088734e-05
SOLUSDT,ETHUSDT,2,44,2.734927957369885e-05
SOLUSDT,ETHUSDT,3,23,2.220948978956666e-05
SOLUSDT,ETHUSDT,4,44,6.462095733309278e-05
SOLUSDT,ETHUSDT,5,55,5.319396629918048e-05
SOLUSDT,ETHUSDT,6,28,5.29886777967417e-06
SOLUSDT,ETHUSDT,7,27,6.319225182187489e-05
SOLUSDT,ETHUSDT,8,36,3.3189806790428366e-05
SOLUSDT,ETHUSDT,9,26,3.3753085643203474e-05
SOLUSDT,ETHUSDT,10,44,1.3855121230095653e-05
SOLUSDT,ETHUSDT,11,19,1.2666482609675612e-05
SOLUSDT,ETHUSDT,12,20,1.1065376387191512e-05
SOLUSDT,ETHUSDT,13,40,2.1857433177733874e-05
SOLUSDT,ETHUSDT,14,117,2.2313013920915373e-05
SOLUSDT,ETHUSDT,15,177,4.469345756490943e-05
SOLUSDT,ETHUSDT,16,147,-6.295800381886959e-06
SOLUSDT,ETHUSDT,17,101,5.1048825579355445e-05
SOLUSDT,ETHUSDT,18,42,3.542038829713233e-05
SOLUSDT,ETHUSDT,19,205,9.843180640100967e-05
SOLUSDT,ETHUSDT,20,141,7.289469474858418e-05
SOLUSDT,ETHUSDT,21,93,5.256811654945108e-05
SOLUSDT,ETHUSDT,22,53,-9.156331645433868e-06
SOLUSDT,ETHUSDT,23,59,3.159088632097329e-05
